NAME,CAP_DD_LAT,CAP_DD_LON,CAP_HT,WGS_DD_LAT,WGS_DD_LON,WGS_HT
27TR1,-25.412908466274,27.538497267084,0.000000000000,-25.413490305587,27.538190423759,0.000000000000
27TR10,-25.756263307545,27.206027143988,0.000000000000,-25.756817027839,27.205709591216,0.000000000000
27TR100,-25.994413584931,27.884247784032,0.000000000000,-25.994959331989,27.883940952971,0.000000000000
27TR101,-25.936424348793,27.969986256583,0.000000000000,-25.936974817022,27.969682143776,0.000000000000
27TR102,-25.967298937705,27.888624262658,0.000000000000,-25.967846528466,27.888317707925,0.000000000000
27TR103,-25.933759029449,27.924531532586,0.000000000000,-25.934309190361,27.924226237534,0.000000000000
27TR104,-25.737261464950,27.845509206317,0.000000000000,-25.737824258844,27.845204454629,0.000000000000
27TR105,-25.785421628840,27.848580257643,0.000000000000,-25.785980800501,27.848275260592,0.000000000000
27TR106,-25.658878544996,27.859321800640,0.000000000000,-25.659446375105,27.859018437962,0.000000000000
27TR107,-25.632312425256,27.978791343234,0.000000000000,-25.632883104475,27.978491527235,0.000000000000
27TR108,-25.647315200678,27.942396131449,0.000000000000,-25.647884647559,27.942095024787,0.000000000000
27TR109,-25.655390539332,27.911001995993,0.000000000000,-25.655959328113,27.910699848143,0.000000000000
27TR110,-25.697115665747,27.934761241031,0.000000000000,-25.697682193375,27.934459242330,0.000000000000
27TR111,-25.722930973825,27.974258017853,0.000000000000,-25.723496092992,27.973956386422,0.000000000000
27TR112,-25.740088154720,27.932132966347,0.000000000000,-25.740651721501,27.931830300147,0.000000000000
27TR113,-25.747264322564,27.898981962320,0.000000000000,-25.747827083796,27.898678011320,0.000000000000
27TR114,-25.829421886617,27.872960531368,0.000000000000,-25.829977846364,27.872655185006,0.000000000000
27TR116,-25.898498519521,27.849302813923,0.000000000000,-25.899049885390,27.848995940323,0.000000000000
27TR117,-25.929239461551,27.873051429152,0.000000000000,-25.929789343701,27.872744981365,0.000000000000
27TR118,-25.882102800353,27.957868378704,0.000000000000,-25.882656473782,27.957564409505,0.000000000000
27TR119,-25.860928933038,27.983313568238,0.000000000000,-25.861484308145,27.983010063987,0.000000000000
27TR12,-25.809244047113,27.809010127127,0.000000000000,-25.809801133836,27.808703682230,0.000000000000
27TR120,-25.844241519113,27.942578228828,0.000000000000,-25.844797274853,27.942274734618,0.000000000000
27TR121,-25.688271303555,27.983769556063,0.000000000000,-25.688838462414,27.983468607285,0.000000000000
27TR122,-25.796907971822,27.919103138078,0.000000000000,-25.797467002198,27.918799104751,0.000000000000
27TR123,-25.807641245327,27.860334740019,0.000000000000,-25.808199058469,27.860029645768,0.000000000000
27TR124,-25.525833431885,27.925840266896,0.000000000000,-25.526410576404,27.925540887163,0.000000000000
27TR125,-25.893107279397,27.902944468822,0.000000000000,-25.893659635062,27.902638983613,0.000000000000
27TR126,-25.577171204603,27.918397649427,0.000000000000,-25.577745093341,27.918097015639,0.000000000000
27TR127,-25.584755861440,27.970477520379,0.000000000000,-25.585329728326,27.970178375263,0.000000000000
27TR128,-25.544476724774,27.990719927387,0.000000000000,-25.545053564570,27.990421930936,0.000000000000
27TR129,-25.994396331008,27.711227267240,0.000000000000,-25.994939833363,27.710916130877,0.000000000000
27TR13,-25.866064726830,27.822891292197,0.000000000000,-25.866618114994,27.822584615283,0.000000000000
27TR130,-25.972998519910,27.218094020928,0.000000000000,-25.973536041403,27.217773096118,0.000000000000
27TR131,-25.867108225702,27.462024137971,0.000000000000,-25.867655347644,27.461709362005,0.000000000000
27TR132,-25.993402354242,27.308168627299,0.000000000000,-25.993939281898,27.307849585128,0.000000000000
27TR133,-25.965266472629,27.448369932936,0.000000000000,-25.965806677470,27.448053550125,0.000000000000
27TR134,-25.920204874148,27.503029663398,0.000000000000,-25.920748840315,27.502715587505,0.000000000000
27TR135,-25.920306593185,27.515263297203,0.000000000000,-25.920850671305,27.514949517942,0.000000000000
27TR137,-25.978988500180,27.168121887487,0.000000000000,-25.979525726541,27.167798918116,0.000000000000
27TR138,-25.940734459092,27.453591940066,0.000000000000,-25.941276256160,27.453275897622,0.000000000000
27TR139,-25.928697437079,27.156320220308,0.000000000000,-25.929237332945,27.155997594506,0.000000000000
27TR14,-25.322402408638,27.120823265623,0.000000000000,-25.322987285020,27.120508162802,0.000000000000
27TR140,-25.914926555021,27.350855756307,0.000000000000,-25.915468895232,27.350538716117,0.000000000000
27TR141,-25.870759749089,27.194317297731,0.000000000000,-25.871304714720,27.193996567049,0.000000000000
27TR142,-25.932011849389,27.204060438099,0.000000000000,-25.932552374288,27.203740160350,0.000000000000
27TR143,-25.908236005995,27.071412562157,0.000000000000,-25.908776146027,27.071090527146,0.000000000000
27TR144,-25.888406395748,27.261723627134,0.000000000000,-25.888950162636,27.261404747468,0.000000000000
27TR145,-25.838215944609,27.337797579932,0.000000000000,-25.838763752330,27.337481108127,0.000000000000
27TR146,-25.865402311091,27.282448709307,0.000000000000,-25.865947888639,27.282130575783,0.000000000000
27TR147,-25.916535360860,27.387043581406,0.000000000000,-25.917078045295,27.386726420321,0.000000000000
27TR148,-25.953700489187,27.068295594846,0.000000000000,-25.954238130459,27.067972527463,0.000000000000
27TR149,-25.997136864653,27.446649722023,0.000000000000,-25.997676031486,27.446333008094,0.000000000000
27TR15,-25.125389703477,27.595267694303,0.000000000000,-25.125993117288,27.594964390178,0.000000000000
27TR150,-25.960106641312,27.600279945945,0.000000000000,-25.960650731951,27.599967453792,0.000000000000
27TR152,-25.020615889112,27.800129113557,0.000000000000,-25.021228426318,27.799831813192,0.000000000000
27TR153,-25.692418020653,27.837885167551,0.000000000000,-25.692983768100,27.837580627803,0.000000000000
27TR154,-25.782437080664,27.781770152480,0.000000000000,-25.782995809463,27.781463443540,0.000000000000
27TR155,-25.869929781879,27.775817507079,0.000000000000,-25.870482439841,27.775509519946,0.000000000000
27TR156,-25.538981123122,27.888424090738,0.000000000000,-25.539557117685,27.888123454205,0.000000000000
27TR157,-25.627158039848,27.880173090787,0.000000000000,-25.627728190059,27.879870478793,0.000000000000
27TR158,-25.841727634678,27.812827049671,0.000000000000,-25.842282564652,27.812520351360,0.000000000000
27TR159,-25.637403468081,27.510658058675,0.000000000000,-25.637968116461,27.510347452940,0.000000000000
27TR16,-25.612592223429,27.848303722636,0.000000000000,-25.613163075992,27.848001291157,0.000000000000
27TR160,-25.594810462584,27.505437860647,0.000000000000,-25.595378274172,27.505127389080,0.000000000000
27TR161,-25.673913853479,27.693156817120,0.000000000000,-25.674478443787,27.692849589581,0.000000000000
27TR162,-25.675721020054,27.647675577572,0.000000000000,-25.676284867363,27.647367451957,0.000000000000
27TR163,-25.695903176651,27.758291192906,0.000000000000,-25.696467715389,27.757984961667,0.000000000000
27TR164,-25.706333112889,27.664948171175,0.000000000000,-25.706895288780,27.664639940884,0.000000000000
27TR165,-25.715175507668,27.613828794046,0.000000000000,-25.715736501151,27.613519263255,0.000000000000
27TR166,-25.706474557950,27.563433325786,0.000000000000,-25.707034707166,27.563123164811,0.000000000000
27TR167,-25.671050373480,27.576934524581,0.000000000000,-25.671613545340,27.576625400289,0.000000000000
27TR168,-25.661161202251,27.616159160789,0.000000000000,-25.661725879410,27.615850541051,0.000000000000
27TR169,-25.638145629429,27.686315762597,0.000000000000,-25.638712849328,27.686008995316,0.000000000000
27TR17,-25.751222713467,27.990480775203,0.000000000000,-25.751786116226,27.990179117103,0.000000000000
27TR171,-25.653425494927,27.781224944020,0.000000000000,-25.653992952268,27.780920060529,0.000000000000
27TR172,-25.474015637504,27.694154433153,0.000000000000,-25.474594450153,27.693849821133,0.000000000000
27TR173,-25.491011429912,27.726059977053,0.000000000000,-25.491589082842,27.725755757378,0.000000000000
27TR174,-25.463469632635,27.728841427965,0.000000000000,-25.464049446062,27.728537577956,0.000000000000
27TR175,-25.533032141596,27.663464800559,0.000000000000,-25.533606429976,27.663159139433,0.000000000000
27TR176,-25.616653647450,27.608216207034,0.000000000000,-25.617220857773,27.607908631580,0.000000000000
27TR177,-25.611122804354,27.559684224633,0.000000000000,-25.611689996675,27.559374685794,0.000000000000
27TR178,-25.560449209451,27.587218677353,0.000000000000,-25.561019938792,27.586910657176,0.000000000000
27TR179,-25.565579736440,27.543323235750,0.000000000000,-25.566149881175,27.543013482222,0.000000000000
27TR18,-25.123332037199,27.468448722477,0.000000000000,-25.123934785602,27.468143094530,0.000000000000
27TR180,-25.511088829898,27.522653038221,0.000000000000,-25.511663020048,27.522344043350,0.000000000000
27TR181,-25.460736088775,27.520282449488,0.000000000000,-25.461314472439,27.519974301789,0.000000000000
27TR182,-25.527908203811,27.573647204280,0.000000000000,-25.528482186755,27.573337537478,0.000000000000
27TR183,-25.471192197065,27.610956123159,0.000000000000,-25.471770563256,27.610649892814,0.000000000000
27TR184,-25.443905118147,27.574836977869,0.000000000000,-25.444485018836,27.574529943190,0.000000000000
27TR185,-25.497839802613,27.561412189414,0.000000000000,-25.498415345711,27.561104392096,0.000000000000
27TR186,-25.412966389487,27.634749621687,0.000000000000,-25.413549067178,27.634442924312,0.000000000000
27TR187,-25.573573108914,27.695746796662,0.000000000000,-25.574144970343,27.695441194408,0.000000000000
27TR188,-25.578174796555,27.737015501063,0.000000000000,-25.578746726134,27.736710943327,0.000000000000
27TR189,-25.583746484898,27.615902134695,0.000000000000,-25.584316469425,27.615594902105,0.000000000000
27TR19,-25.413738652617,27.216568055575,0.000000000000,-25.414317511420,27.216254227792,0.000000000000
27TR190,-25.460590503567,27.766252684795,0.000000000000,-25.461170851616,27.765950161202,0.000000000000
27TR191,-25.498621558382,27.758978991278,0.000000000000,-25.499199417286,27.758675741759,0.000000000000
27TR192,-25.528685913697,27.808003836573,0.000000000000,-25.529261554405,27.807701681613,0.000000000000
27TR194,-25.513612380402,27.863516853447,0.000000000000,-25.514190376480,27.863216258477,0.000000000000
27TR195,-25.691645403974,27.473389060773,0.000000000000,-25.692205730446,27.473076704322,0.000000000000
27TR196,-25.608874154145,27.454566648029,0.000000000000,-25.609440535221,27.454255389051,0.000000000000
27TR197,-25.561617417470,27.495859491599,0.000000000000,-25.562187892628,27.495549701434,0.000000000000
27TR198,-25.554279824553,27.443990556479,0.000000000000,-25.554850458394,27.443679686088,0.000000000000
27TR199,-25.413549548562,27.535788691251,0.000000000000,-25.414131251496,27.535481759594,0.000000000000
27TR2,-25.529205950324,27.620683089156,0.000000000000,-25.529780037842,27.620376344446,0.000000000000
27TR20,-25.941437344776,27.629108241684,0.000000000000,-25.941983362665,27.628796553675,0.000000000000
27TR200,-25.440735996566,27.496345369233,0.000000000000,-25.441315392465,27.496036982301,0.000000000000
27TR201,-25.516990858498,27.436292634311,0.000000000000,-25.517563507040,27.435982599169,0.000000000000
27TR202,-25.614489461116,27.263913249652,0.000000000000,-25.615053646623,27.263598454318,0.000000000000
27TR203,-25.661166830246,27.337252533228,0.000000000000,-25.661728206773,27.336938207579,0.000000000000
27TR204,-25.675288085261,27.290341961399,0.000000000000,-25.675847866150,27.290026969085,0.000000000000
27TR205,-25.689858857496,27.245473983254,0.000000000000,-25.690417458214,27.245157297378,0.000000000000
27TR206,-25.650194951230,27.187796348510,0.000000000000,-25.650755862810,27.187479683038,0.000000000000
27TR207,-25.622013092861,27.194172179965,0.000000000000,-25.622575854303,27.193856091226,0.000000000000
27TR208,-25.563958237657,27.265400231823,0.000000000000,-25.564525822699,27.265086314487,0.000000000000
27TR209,-25.692986260649,27.346130855776,0.000000000000,-25.693545330847,27.345816342134,0.000000000000
27TR21,-25.174744700907,27.073900284132,0.000000000000,-25.175340606060,27.073586123260,0.000000000000
27TR210,-25.724181515440,27.387279868128,0.000000000000,-25.724738943020,27.386965818996,0.000000000000
27TR211,-25.743338205684,27.352728066374,0.000000000000,-25.743894031339,27.352413044520,0.000000000000
27TR212,-25.704551074626,27.286022372532,0.000000000000,-25.705108674628,27.285706661909,0.000000000000
27TR213,-25.735603293431,27.308085406801,0.000000000000,-25.736158763656,27.307769537499,0.000000000000
27TR214,-25.765781118891,27.390529588290,0.000000000000,-25.766335546590,27.390214932008,0.000000000000
27TR215,-25.801522644808,27.348624374742,0.000000000000,-25.802073714356,27.348308467935,0.000000000000
27TR216,-25.765353878369,27.239116406236,0.000000000000,-25.765906747671,27.238798221174,0.000000000000
27TR217,-25.724280579082,27.214304156197,0.000000000000,-25.724836461111,27.213987153097,0.000000000000
27TR218,-25.763749567176,27.298910173557,0.000000000000,-25.764303029343,27.298593738389,0.000000000000
27TR219,-25.812534597549,27.225193011194,0.000000000000,-25.813083100356,27.224874235837,0.000000000000
27TR22,-25.866644302016,27.706533454793,0.000000000000,-25.867196215093,27.706224087779,0.000000000000
27TR220,-25.793177739528,27.267057707635,0.000000000000,-25.793728419756,27.266739856315,0.000000000000
27TR221,-25.803829197479,27.393012718496,0.000000000000,-25.804380764259,27.392697451096,0.000000000000
27TR222,-25.808776203707,27.290087532958,0.000000000000,-25.809325982161,27.289770392833,0.000000000000
27TR223,-25.787735304000,27.464116210273,0.000000000000,-25.788289086450,27.463802706214,0.000000000000
27TR224,-25.725229580814,27.439212587185,0.000000000000,-25.725787605742,27.438899126880,0.000000000000
27TR225,-25.732956670830,27.494028684830,0.000000000000,-25.733514055594,27.493716486763,0.000000000000
27TR226,-25.689440126101,27.424338180158,0.000000000000,-25.690000580296,27.424025024469,0.000000000000
27TR227,-25.749939109844,27.411837837605,0.000000000000,-25.750494830783,27.411523715934,0.000000000000
27TR228,-25.700863411779,27.183398860666,0.000000000000,-25.701420115598,27.183081321800,0.000000000000
27TR229,-25.643822604764,27.376036812232,0.000000000000,-25.644385764540,27.375723596202,0.000000000000
27TR23,-25.282067296157,27.608869398986,0.000000000000,-25.282659226300,27.608564963947,0.000000000000
27TR230,-25.659702331349,27.423895973612,0.000000000000,-25.660264974590,27.423583282889,0.000000000000
27TR231,-25.633838953554,27.448165109757,0.000000000000,-25.634403331683,27.447853269064,0.000000000000
27TR232,-25.611567967045,27.425932250665,0.000000000000,-25.612133666068,27.425620340547,0.000000000000
27TR233,-25.552117537209,27.410745695558,0.000000000000,-25.552687602526,27.410434439270,0.000000000000
27TR234,-25.519771697186,27.365908784808,0.000000000000,-25.520343391540,27.365597048521,0.000000000000
27TR235,-25.552335584832,27.328965896990,0.000000000000,-25.552904559776,27.328652879681,0.000000000000
27TR236,-25.419399832407,27.445363955688,0.000000000000,-25.419979812560,27.445054663361,0.000000000000
27TR237,-25.471285781622,27.446177217289,0.000000000000,-25.471862181423,27.445867421380,0.000000000000
27TR238,-25.576541360623,27.391206638949,0.000000000000,-25.577109245072,27.390894688201,0.000000000000
27TR239,-25.478130001120,27.390890737942,0.000000000000,-25.478705048276,27.390579621322,0.000000000000
27TR24,-25.043799799837,27.575214078680,0.000000000000,-25.044409386660,27.574911021589,0.000000000000
27TR240,-25.474917177673,27.320875610042,0.000000000000,-25.475491646250,27.320563121025,0.000000000000
27TR241,-25.458890033688,27.257305012488,0.000000000000,-25.459465099109,27.256991700599,0.000000000000
27TR242,-25.516200738620,27.285674380959,0.000000000000,-25.516771860558,27.285360942275,0.000000000000
27TR243,-25.505351656651,27.223754189559,0.000000000000,-25.505923214896,27.223439665748,0.000000000000
27TR244,-25.456159317811,27.207533600120,0.000000000000,-25.456734341728,27.207219275017,0.000000000000
27TR245,-25.524491925085,27.147953570941,0.000000000000,-25.525061239898,27.147637427881,0.000000000000
27TR246,-25.479028671372,27.157722446477,0.000000000000,-25.479601629236,27.157407038817,0.000000000000
27TR247,-25.481891241792,27.049467661076,0.000000000000,-25.482462714717,27.049150333350,0.000000000000
27TR248,-25.516123680269,27.090528914045,0.000000000000,-25.516692932225,27.090211622053,0.000000000000
27TR249,-25.480792408440,27.116747560651,0.000000000000,-25.481364724258,27.116431515982,0.000000000000
27TR25,-25.611207814816,27.702792719857,0.000000000000,-25.611776999671,27.702486758290,0.000000000000
27TR250,-25.539762752368,27.119533150591,0.000000000000,-25.540330703407,27.119216347171,0.000000000000
27TR251,-25.530043859465,27.183605335455,0.000000000000,-25.530613090512,27.183289839179,0.000000000000
27TR252,-25.571265145694,27.134577941795,0.000000000000,-25.571830822440,27.134260950681,0.000000000000
27TR253,-25.633916053266,27.309094342066,0.000000000000,-25.634479318984,27.308780264475,0.000000000000
27TR254,-25.729959275940,27.256784281912,0.000000000000,-25.730514357861,27.256467661191,0.000000000000
27TR255,-25.816577816577,27.188504690843,0.000000000000,-25.817125450305,27.188185518860,0.000000000000
27TR256,-25.572100724148,27.092868716955,0.000000000000,-25.572666068283,27.092551162808,0.000000000000
27TR257,-25.668328928651,27.153725429391,0.000000000000,-25.668888025998,27.153407705670,0.000000000000
27TR258,-25.667919570651,27.107001523808,0.000000000000,-25.668477777222,27.106683077253,0.000000000000
27TR259,-25.802533031982,27.132220149346,0.000000000000,-25.803081760671,27.131899975644,0.000000000000
27TR26,-25.043182983339,27.696655706382,0.000000000000,-25.043793295434,27.696355491191,0.000000000000
27TR260,-25.710775410197,27.107335435568,0.000000000000,-25.711330168774,27.107016586073,0.000000000000
27TR261,-25.735579050241,27.132006475971,0.000000000000,-25.736132610365,27.131687470977,0.000000000000
27TR262,-25.795544825330,27.031590277892,0.000000000000,-25.796093039499,27.031269545034,0.000000000000
27TR263,-25.758980841961,27.046922800082,0.000000000000,-25.759531696718,27.046602957466,0.000000000000
27TR264,-25.798154101568,27.087399751699,0.000000000000,-25.798702817408,27.087079525998,0.000000000000
27TR265,-25.757971196401,27.094439058087,0.000000000000,-25.758522937503,27.094118973321,0.000000000000
27TR266,-25.689906408573,27.063172444126,0.000000000000,-25.690461990436,27.062853407618,0.000000000000
27TR267,-25.675049238877,27.019757085107,0.000000000000,-25.675605462635,27.019436989114,0.000000000000
27TR268,-25.761742559204,27.170577858331,0.000000000000,-25.762295228604,27.170258740645,0.000000000000
27TR269,-25.629144269851,27.071557615975,0.000000000000,-25.629704698520,27.071239214077,0.000000000000
27TR27,-25.602457236420,27.354940427904,0.000000000000,-25.603022993059,27.354627532388,0.000000000000
27TR270,-25.598580089579,27.048089100591,0.000000000000,-25.599142627301,27.047770513671,0.000000000000
27TR271,-25.138882123764,27.790824906124,0.000000000000,-25.139486641331,27.790525739413,0.000000000000
27TR272,-25.460107563818,27.922386521580,0.000000000000,-25.460690067016,27.922088068559,0.000000000000
27TR273,-25.294406223114,27.930429539425,0.000000000000,-25.295000703679,27.930133270217,0.000000000000
27TR274,-25.741716552390,27.594517870192,0.000000000000,-25.742275246038,27.594207744084,0.000000000000
27TR275,-25.730539971500,27.530758979690,0.000000000000,-25.731097857015,27.530447499074,0.000000000000
27TR276,-25.743021962531,27.635981814193,0.000000000000,-25.743581381330,27.635672644370,0.000000000000
27TR277,-25.778323686161,27.602560338014,0.000000000000,-25.778879963150,27.602249883161,0.000000000000
27TR278,-25.803373497558,27.618522200766,0.000000000000,-25.803928368350,27.618211713945,0.000000000000
27TR279,-25.787512990315,27.663088642421,0.000000000000,-25.788069644653,27.662779940178,0.000000000000
27TR28,-25.694518780238,27.022523356950,0.000000000000,-25.695073717377,27.022203094333,0.000000000000
27TR280,-25.807759686783,27.566123539731,0.000000000000,-25.808313268272,27.565811816601,0.000000000000
27TR281,-25.765966032775,27.707498250644,0.000000000000,-25.766524909013,27.707190266305,0.000000000000
27TR282,-25.809994631654,27.729392587994,0.000000000000,-25.810550775673,27.729084405613,0.000000000000
27TR283,-25.830154390434,27.669213040478,0.000000000000,-25.830708181823,27.668903532684,0.000000000000
27TR284,-25.853157523535,27.622209945048,0.000000000000,-25.853709172461,27.621898750566,0.000000000000
27TR285,-25.899451892014,27.565615286087,0.000000000000,-25.899999065494,27.565302814508,0.000000000000
27TR286,-25.902143023594,27.653577683566,0.000000000000,-25.902691845807,27.653266291630,0.000000000000
27TR287,-25.840029160177,27.564978972056,0.000000000000,-25.840580314894,27.564666825619,0.000000000000
27TR288,-25.912932951038,27.602589993055,0.000000000000,-25.913479651104,27.602278004112,0.000000000000
27TR289,-25.856189627472,27.526374498001,0.000000000000,-25.856738186016,27.526061148714,0.000000000000
27TR29,-25.570845252662,27.197066447114,0.000000000000,-25.571411538949,27.196750686585,0.000000000000
27TR290,-25.870951132248,27.585296090051,0.000000000000,-25.871500626244,27.584984134441,0.000000000000
27TR291,-25.820472031774,27.690730834675,0.000000000000,-25.821026817690,27.690421960408,0.000000000000
27TR292,-25.883510197187,27.674559505897,0.000000000000,-25.884060381210,27.674249047453,0.000000000000
27TR293,-25.852813991867,27.740254059629,0.000000000000,-25.853367269205,27.739945534999,0.000000000000
27TR294,-25.908878096597,27.719343545193,0.000000000000,-25.909427188661,27.719033890229,0.000000000000
27TR295,-25.891110120485,27.753787369610,0.000000000000,-25.891660990549,27.753478710136,0.000000000000
27TR296,-25.930206008378,27.742581102528,0.000000000000,-25.930753938581,27.742271853838,0.000000000000
27TR297,-25.807654489064,27.518840374579,0.000000000000,-25.808207261964,27.518528001410,0.000000000000
27TR298,-25.818496669824,27.491307603657,0.000000000000,-25.819048357585,27.490994010156,0.000000000000
27TR299,-25.919754071363,27.799792543999,0.000000000000,-25.920303507298,27.799484691802,0.000000000000
27TR3,-25.499011014142,27.813011112319,0.000000000000,-25.499589547215,27.812709587702,0.000000000000
27TR30,-25.029442178141,27.419103012620,0.000000000000,-25.030051543190,27.418797203559,0.000000000000
27TR300,-25.807582615066,27.426102636942,0.000000000000,-25.808134297902,27.425788140381,0.000000000000
27TR301,-25.800720900042,27.628376963413,0.000000000000,-25.801276127992,27.628066802477,0.000000000000
27TR302,-25.682800113027,27.787743583809,0.000000000000,-25.683365904768,27.787438311965,0.000000000000
27TR303,-25.487049211347,27.824258444753,0.000000000000,-25.487629221603,27.823956922371,0.000000000000
27TR304,-25.845210713093,27.124367230402,0.000000000000,-25.845755818430,27.124045791891,0.000000000000
27TR306,-25.668852906287,27.242693904607,0.000000000000,-25.669413152187,27.242377573548,0.000000000000
27TR307,-25.678864200593,27.228840910399,0.000000000000,-25.679423442586,27.228524016552,0.000000000000
27TR308,-25.654063401990,27.220867569266,0.000000000000,-25.654624330940,27.220550875834,0.000000000000
27TR309,-25.639397571583,27.234288171123,0.000000000000,-25.639959710166,27.233972041135,0.000000000000
27TR31,-25.541848019657,27.725680353858,0.000000000000,-25.542422346459,27.725375805132,0.000000000000
27TR310,-25.172380626347,27.599429906718,0.000000000000,-25.172980471641,27.599126318329,0.000000000000
27TR311,-25.108399386863,27.710366750984,0.000000000000,-25.109005096164,27.710065530242,0.000000000000
27TR312,-25.217696590789,27.664252828409,0.000000000000,-25.218293281340,27.663950440877,0.000000000000
27TR313,-25.081199482157,27.597511265728,0.000000000000,-25.081806316374,27.597208434483,0.000000000000
27TR314,-25.154616523709,27.682184218906,0.000000000000,-25.155218374830,27.681882380065,0.000000000000
27TR315,-25.063420432967,27.315661338062,0.000000000000,-25.064026634426,27.315353291683,0.000000000000
27TR316,-25.125240662956,27.324279868349,0.000000000000,-25.125842008791,27.323971156131,0.000000000000
27TR317,-25.085065136564,27.509066668410,0.000000000000,-25.085670818237,27.508762351107,0.000000000000
27TR318,-25.207264926604,27.412306943722,0.000000000000,-25.207860768572,27.411999389468,0.000000000000
27TR319,-25.008748886475,27.259306261314,0.000000000000,-25.009358239344,27.258997022516,0.000000000000
27TR32,-25.173988338592,27.283774109752,0.000000000000,-25.174585635077,27.283464164483,0.000000000000
27TR320,-25.190478279337,27.342956548302,0.000000000000,-25.191074932260,27.342647677894,0.000000000000
27TR321,-25.005465062011,27.492153442653,0.000000000000,-25.006076805620,27.491849459355,0.000000000000
27TR322,-25.379618302729,27.676749719695,0.000000000000,-25.380204023775,27.676445964154,0.000000000000
27TR323,-25.145085289920,27.282250722219,0.000000000000,-25.145684853008,27.281941091058,0.000000000000
27TR324,-25.125211782198,27.534010837069,0.000000000000,-25.125814817061,27.533706641064,0.000000000000
27TR325,-25.182989463142,27.515477685323,0.000000000000,-25.183587929704,27.515172445643,0.000000000000
27TR326,-25.035813191634,27.650770847885,0.000000000000,-25.036423706289,27.650469452363,0.000000000000
27TR327,-25.007418855825,27.597724826208,0.000000000000,-25.008031043549,27.597422778548,0.000000000000
27TR328,-25.022393369501,27.438978735341,0.000000000000,-25.023003395556,27.438673494615,0.000000000000
27TR329,-25.264776919046,27.501708267931,0.000000000000,-25.265369440612,27.501402079078,0.000000000000
27TR33,-25.640903579823,27.625792377796,0.000000000000,-25.641469334558,27.625484528007,0.000000000000
27TR330,-25.081444618560,27.399360632239,0.000000000000,-25.082049854498,27.399053864808,0.000000000000
27TR331,-25.260008707681,27.354170868265,0.000000000000,-25.260600497323,27.353861406448,0.000000000000
27TR332,-25.257795043505,27.642160080729,0.000000000000,-25.258388918615,27.641856694578,0.000000000000
27TR333,-25.383216222764,27.570496217723,0.000000000000,-25.383800423010,27.570190089520,0.000000000000
27TR334,-25.222973042103,27.752498919500,0.000000000000,-25.223570657455,27.752198613170,0.000000000000
27TR335,-25.306754969457,27.676520248504,0.000000000000,-25.307345856065,27.676217353094,0.000000000000
27TR336,-25.322107866833,27.642102504792,0.000000000000,-25.322697366678,27.641798656996,0.000000000000
27TR337,-25.294665590466,27.571354673105,0.000000000000,-25.295256383518,27.571049689019,0.000000000000
27TR338,-25.252421405419,27.722162624677,0.000000000000,-25.253016308201,27.721861544966,0.000000000000
27TR339,-25.213187482491,27.584444908903,0.000000000000,-25.213784202502,27.584140840324,0.000000000000
27TR34,-25.943599833675,27.292861372908,0.000000000000,-25.944139842990,27.292542668893,0.000000000000
27TR340,-25.078317256745,27.749984127878,0.000000000000,-25.078925381579,27.749684360502,0.000000000000
27TR341,-25.082067425723,27.247631736677,0.000000000000,-25.082671410629,27.247321647049,0.000000000000
27TR342,-25.169736968861,27.406117500955,0.000000000000,-25.170335596641,27.405810133907,0.000000000000
27TR343,-25.093956959795,27.658519164749,0.000000000000,-25.094563282226,27.658217392588,0.000000000000
27TR344,-25.367565673107,27.526739250110,0.000000000000,-25.368150574692,27.526432437808,0.000000000000
27TR345,-25.257833695115,27.399509446759,0.000000000000,-25.258425894875,27.399201154804,0.000000000000
27TR346,-25.384023185719,27.879857686201,0.000000000000,-25.384610663308,27.879559336171,0.000000000000
27TR347,-25.186616955841,27.811455536552,0.000000000000,-25.187218234538,27.811157130462,0.000000000000
27TR348,-25.440943571051,27.724523489130,0.000000000000,-25.441525311438,27.724220042285,0.000000000000
27TR349,-25.283525733765,27.773760487848,0.000000000000,-25.284119269173,27.773460332699,0.000000000000
27TR35,-25.684157354851,27.520645288266,0.000000000000,-25.684718701978,27.520334191741,0.000000000000
27TR350,-25.458105416263,27.797881492059,0.000000000000,-25.458686408503,27.797579379412,0.000000000000
27TR351,-25.413201277582,27.720993322654,0.000000000000,-25.413784910705,27.720690232903,0.000000000000
27TR352,-25.344162315595,27.815376445093,0.000000000000,-25.344751846191,27.815077109642,0.000000000000
27TR353,-25.440252258617,27.885408222397,0.000000000000,-25.440835912137,27.885109498258,0.000000000000
27TR354,-25.234537373672,27.956142955872,0.000000000000,-25.235136343818,27.955848076075,0.000000000000
27TR355,-25.495736443356,27.925483173327,0.000000000000,-25.496316015217,27.925184165613,0.000000000000
27TR356,-25.235414794966,27.834656459963,0.000000000000,-25.236012704620,27.834358648151,0.000000000000
27TR357,-25.413072774177,27.739805310364,0.000000000000,-25.413656636331,27.739502629463,0.000000000000
27TR358,-25.402426053075,27.778636710985,0.000000000000,-25.403011141793,27.778335152517,0.000000000000
27TR359,-25.430458861906,27.738495771635,0.000000000000,-25.431041466308,27.738192813975,0.000000000000
27TR36,-25.429010027333,27.374951278399,0.000000000000,-25.429588718561,27.374640274998,0.000000000000
27TR360,-25.411236887451,27.988818555135,0.000000000000,-25.411823692756,27.988522345453,0.000000000000
27TR361,-25.197170476586,27.871511976793,0.000000000000,-25.197772028034,27.871215496073,0.000000000000
27TR362,-25.245404918552,27.116794420091,0.000000000000,-25.245995767798,27.116480287076,0.000000000000
27TR363,-25.284596255848,27.071393307911,0.000000000000,-25.285183482581,27.071077989826,0.000000000000
27TR364,-25.438441129115,27.060721908558,0.000000000000,-25.439016036646,27.060405250466,0.000000000000
27TR365,-25.358621582752,27.318853671128,0.000000000000,-25.359205263012,27.318542317257,0.000000000000
27TR366,-25.130760701741,27.224954261623,0.000000000000,-25.131360766516,27.224643413428,0.000000000000
27TR367,-25.359089812035,27.446227401842,0.000000000000,-25.359674714128,27.445918988040,0.000000000000
27TR368,-25.303500743379,27.365598722951,0.000000000000,-25.304088947382,27.365288814161,0.000000000000
27TR369,-25.349497196624,27.058977538807,0.000000000000,-25.350078997738,27.058661253727,0.000000000000
27TR37,-25.615934134772,27.118135055867,0.000000000000,-25.616496020820,27.117817107355,0.000000000000
27TR370,-25.114410902292,27.137700034961,0.000000000000,-25.115011994555,27.137387797529,0.000000000000
27TR371,-25.232536851299,27.035956896794,0.000000000000,-25.233127617594,27.035641654480,0.000000000000
27TR372,-25.224003984223,27.281351991050,0.000000000000,-25.224597419944,27.281041438698,0.000000000000
27TR373,-25.405944542447,27.166414215533,0.000000000000,-25.406523414977,27.166099580080,0.000000000000
27TR375,-25.361689017013,27.196549889065,0.000000000000,-25.362271703646,27.196236340998,0.000000000000
27TR376,-25.270446551829,27.193202504620,0.000000000000,-25.271036008142,27.192889374595,0.000000000000
27TR377,-25.357471588115,27.242676009744,0.000000000000,-25.358054911530,27.242363373833,0.000000000000
27TR378,-25.363782773725,27.375615931202,0.000000000000,-25.364366520724,27.375305807211,0.000000000000
27TR379,-25.170847625249,27.151402360099,0.000000000000,-25.171444209194,27.151089633226,0.000000000000
27TR38,-25.798980522476,27.029442830738,0.000000000000,-25.799528428650,27.029121909764,0.000000000000
27TR380,-25.416281086413,27.310718979151,0.000000000000,-25.416860347982,27.310406910338,0.000000000000
27TR381,-25.034309943562,27.188188907801,0.000000000000,-25.034916812894,27.187878199361,0.000000000000
27TR382,-25.172943787808,27.235413746656,0.000000000000,-25.173540960292,27.235102732241,0.000000000000
27TR383,-25.319122524951,27.415804469824,0.000000000000,-25.319710122025,27.415496065738,0.000000000000
27TR384,-25.234050416550,27.144504228698,0.000000000000,-25.234642314353,27.144191018125,0.000000000000
27TR385,-25.298129095048,27.125933840664,0.000000000000,-25.298715862705,27.125619057396,0.000000000000
27TR386,-25.300249992535,27.002919387123,0.000000000000,-25.300835644497,27.002602109068,0.000000000000
27TR387,-25.129692178308,27.812720158429,0.000000000000,-25.130297377923,27.812421990258,0.000000000000
27TR388,-25.082095065773,27.941671667108,0.000000000000,-25.082704756187,27.941377557830,0.000000000000
27TR389,-25.158959041465,27.934607532101,0.000000000000,-25.159563359555,27.934312881009,0.000000000000
27TR39,-25.232670804610,27.183901607126,0.000000000000,-25.233263228757,27.183589169888,0.000000000000
27TR390,-25.125882572121,27.854306002845,0.000000000000,-25.126488345089,27.854009096018,0.000000000000
27TR391,-25.119851249497,27.834056109367,0.000000000000,-25.120457303666,27.833758604704,0.000000000000
27TR392,-25.028812726407,27.867419076961,0.000000000000,-25.029425386746,27.867123613468,0.000000000000
27TR393,-25.084076943130,27.851805097325,0.000000000000,-25.084685604454,27.851508464862,0.000000000000
27TR394,-25.133723119950,27.801839323727,0.000000000000,-25.134327979613,27.801540853645,0.000000000000
27TR395,-25.902703373199,27.041309205722,0.000000000000,-25.903243248344,27.040986498610,0.000000000000
27TR396,-25.945949858315,27.007736237920,0.000000000000,-25.946487377051,27.007411714133,0.000000000000
27TR397,-25.906715624743,27.042046533991,0.000000000000,-25.907255164744,27.041723740344,0.000000000000
27TR398,-25.747407970337,27.021810228626,0.000000000000,-25.747959206842,27.021489800927,0.000000000000
27TR399,-25.836727618686,27.048989657218,0.000000000000,-25.837272631447,27.048668368990,0.000000000000
27TR4,-25.684626820795,27.388196458928,0.000000000000,-25.685187314133,27.387882934096,0.000000000000
27TR40,-25.860233714507,27.531450499387,0.000000000000,-25.860782393371,27.531137707969,0.000000000000
27TR400,-25.869670318534,27.004371917890,0.000000000000,-25.870212849734,27.004049088424,0.000000000000
27TR401,-25.544601543310,27.850158637556,0.000000000000,-25.545176944683,27.849857044375,0.000000000000
27TR402,-25.899891051457,27.001182273334,0.000000000000,-25.900429922606,27.000858769844,0.000000000000
27TR403,-25.882262014020,27.706772634993,0.000000000000,-25.882812790381,27.706463133907,0.000000000000
27TR404,-25.075245800013,27.072256277498,0.000000000000,-25.075849130345,27.071942820114,0.000000000000
27TR405,-25.009851080550,27.089094117610,0.000000000000,-25.010459364041,27.088781557161,0.000000000000
27TR406,-25.003523508968,27.930976020396,0.000000000000,-25.004138469953,27.930682588134,0.000000000000
27TR407,-25.637266603288,27.776278359684,0.000000000000,-25.637835076295,27.775973658423,0.000000000000
27TR408,-25.627539006673,27.785672753073,0.000000000000,-25.628108093246,27.785368473233,0.000000000000
27TR409,-25.645712274983,27.777026741227,0.000000000000,-25.646280289872,27.776721841271,0.000000000000
27TR41,-25.831373316568,27.308728748006,0.000000000000,-25.831921215596,27.308411655470,0.000000000000
27TR410,-25.632051294853,27.805673518865,0.000000000000,-25.632620500762,27.805369992002,0.000000000000
27TR411,-25.876500347219,27.691019136463,0.000000000000,-25.877051269172,27.690709240539,0.000000000000
27TR412,-25.888042196403,27.704831893834,0.000000000000,-25.888592531639,27.704522114611,0.000000000000
27TR413,-25.889207244932,27.701238993776,0.000000000000,-25.889757402215,27.700929195150,0.000000000000
27TR414,-25.895512159651,27.691105562818,0.000000000000,-25.896061825707,27.690795317602,0.000000000000
27TR415,-25.897983775387,27.677840514632,0.000000000000,-25.898533169267,27.677529831587,0.000000000000
27TR416,-25.787002676863,27.999883680147,0.000000000000,-25.787563320067,27.999581528671,0.000000000000
27TR417,-25.619686174091,27.805179316783,0.000000000000,-25.620256332716,27.804875885426,0.000000000000
27TR418,-25.886316923713,27.709947993716,0.000000000000,-25.886867459316,27.709638584550,0.000000000000
27TR42,-25.923960906894,27.196539779684,0.000000000000,-25.924501633430,27.196219186124,0.000000000000
27TR43,-25.785485654535,27.660954360338,0.000000000000,-25.786042335444,27.660645296410,0.000000000000
27TR44,-25.437301466962,27.102651220923,0.000000000000,-25.437876908218,27.102335229194,0.000000000000
27TR45,-25.174351043709,27.064729426076,0.000000000000,-25.174946961770,27.064415069849,0.000000000000
27TR46,-25.703945548479,27.163997366551,0.000000000000,-25.704501660679,27.163678986147,0.000000000000
27TR47,-25.822224492029,27.170287032752,0.000000000000,-25.822771734850,27.169966545080,0.000000000000
27TR48,-25.865924581100,27.405689196259,0.000000000000,-25.866471206428,27.405373287432,0.000000000000
27TR49,-25.648021799240,27.262164967088,0.000000000000,-25.648583644094,27.261849732337,0.000000000000
27TR5,-25.509093441439,27.482805893164,0.000000000000,-25.509667574591,27.482496698727,0.000000000000
27TR50,-25.294784144024,27.266736747866,0.000000000000,-25.295372587931,27.266425261142,0.000000000000
27TR51,-25.754707807876,27.744722719768,0.000000000000,-25.755268088759,27.744415481977,0.000000000000
27TR52,-25.836144974446,27.765833119723,0.000000000000,-25.836699852382,27.765525139679,0.000000000000
27TR53,-25.355374295623,27.744570165851,0.000000000000,-25.355962381817,27.744268375521,0.000000000000
27TR54,-25.600388634500,27.922273213485,0.000000000000,-25.600961021218,27.921972275544,0.000000000000
27TR55,-25.963348408737,27.721535599252,0.000000000000,-25.963894280105,27.721224982038,0.000000000000
27TR56,-25.827685419277,27.921284348871,0.000000000000,-25.828241400387,27.920980013756,0.000000000000
27TR57,-25.534834136422,27.065979505714,0.000000000000,-25.535401731274,27.065661769351,0.000000000000
27TR58,-25.971310545131,27.510958366346,0.000000000000,-25.971852138986,27.510644221351,0.000000000000
27TR59,-25.435769108812,27.748800976185,0.000000000000,-25.436351495488,27.748498237525,0.000000000000
27TR6,-25.766459556305,27.910649492973,0.000000000000,-25.767021533053,27.910345746202,0.000000000000
27TR60,-25.689363691672,27.984300587156,0.000000000000,-25.689931001979,27.983999790322,0.000000000000
27TR61,-25.779124270180,27.433875116907,0.000000000000,-25.779678427087,27.433561354605,0.000000000000
27TR62,-25.481555269711,27.279254539037,0.000000000000,-25.482128790568,27.278941178115,0.000000000000
27TR63,-25.971280741324,27.383109468572,0.000000000000,-25.971819171010,27.382792030681,0.000000000000
27TR64,-25.641326362942,27.560075826003,0.000000000000,-25.641891329536,27.559766218859,0.000000000000
27TR65,-25.997773516230,27.929508435074,0.000000000000,-25.998318728490,27.929203155270,0.000000000000
27TR66,-25.710380127864,27.886109450318,0.000000000000,-25.710945305072,27.885805717822,0.000000000000
27TR67,-25.981703565851,27.828661126686,0.000000000000,-25.982249668567,27.828353229737,0.000000000000
27TR68,-25.510467666249,27.981048785229,0.000000000000,-25.511046885357,27.980751149367,0.000000000000
27TR69,-25.639705332863,27.742978910284,0.000000000000,-25.640273118508,27.742672996504,0.000000000000
27TR7,-25.777172592253,27.510807515757,0.000000000000,-25.777727211768,27.510495258322,0.000000000000
27TR70,-25.559215703335,27.609730081589,0.000000000000,-25.559786911953,27.609422700764,0.000000000000
27TR71,-25.932480293588,27.694009773923,0.000000000000,-25.933027620452,27.693698930561,0.000000000000
27TR72,-25.503609453617,27.626659417279,0.000000000000,-25.504185404664,27.626353023897,0.000000000000
27TR73,-25.500457104740,27.671402768106,0.000000000000,-25.501033522206,27.671097542756,0.000000000000
27TR74,-25.541710747805,27.760632070580,0.000000000000,-25.542285437937,27.760328205046,0.000000000000
27TR75,-25.652214997004,27.818884893873,0.000000000000,-25.652783092948,27.818581321718,0.000000000000
27TR76,-25.574072204852,27.879355762167,0.000000000000,-25.574646191877,27.879054148031,0.000000000000
27TR77,-25.587281108969,27.764171643578,0.000000000000,-25.587852703646,27.763867422640,0.000000000000
27TR78,-25.620103971585,27.656256963019,0.000000000000,-25.620671711552,27.655950052968,0.000000000000
27TR79,-25.572426246090,27.811641398912,0.000000000000,-25.572998783801,27.811338590388,0.000000000000
27TR8,-25.301501182753,27.468179798232,0.000000000000,-25.302090619587,27.467872631336,0.000000000000
27TR80,-25.504652721682,27.816095153761,0.000000000000,-25.505230983116,27.815793623673,0.000000000000
27TR81,-25.951700287525,27.796165810127,0.000000000000,-25.952247365944,27.795857584636,0.000000000000
27TR82,-25.618821375174,27.741295862803,0.000000000000,-25.619390540267,27.740990339387,0.000000000000
27TR83,-25.312827932154,27.506366844116,0.000000000000,-25.313416923734,27.506060291570,0.000000000000
27TR84,-25.972709781247,27.754819961279,0.000000000000,-25.973255440613,27.754509610590,0.000000000000
27TR85,-25.923511541312,27.828663243947,0.000000000000,-25.924061562933,27.828355236635,0.000000000000
27TR86,-25.436074657423,27.697556303936,0.000000000000,-25.436656291281,27.697252398351,0.000000000000
27TR87,-25.959896237396,27.675037491866,0.000000000000,-25.960441584890,27.674725965357,0.000000000000
27TR88,-25.716132373334,27.704906423679,0.000000000000,-25.716694484402,27.704598970843,0.000000000000
27TR89,-25.580542050812,27.650955663989,0.000000000000,-25.581112660414,27.650648985859,0.000000000000
27TR9,-25.733607278571,27.811155527542,0.000000000000,-25.734169888615,27.810850030791,0.000000000000
27TR90,-25.445021547528,27.676314840175,0.000000000000,-25.445602584252,27.676010023271,0.000000000000
27TR91,-25.540872174376,27.701962536346,0.000000000000,-25.541446330913,27.701657621133,0.000000000000
27TR92,-25.619686435825,27.805179314180,0.000000000000,-25.620256240840,27.804875687239,0.000000000000
27TR93,-25.971271507636,27.946179386957,0.000000000000,-25.971819607541,27.945874513328,0.000000000000
27TR94,-25.978623064627,27.980597758285,0.000000000000,-25.979171250668,27.980293534233,0.000000000000
27TR96,-25.792048583611,27.959911566583,0.000000000000,-25.792608369332,27.959608303381,0.000000000000
27TR97,-25.819223253279,27.961513643486,0.000000000000,-25.819780821099,27.961209824828,0.000000000000
27TR98,-25.757196762350,27.966522859092,0.000000000000,-25.757759519875,27.966220506674,0.000000000000
27TR99,-25.977208528301,27.859386730108,0.000000000000,-25.977755278655,27.859079425468,0.000000000000
28TR1,-25.996808764307,28.567162145561,0.000000000000,-25.997360987375,28.566874681717,0.000000000000
28TR10,-25.601326238810,28.311963933133,0.000000000000,-25.601902316212,28.311673476904,0.000000000000
28TR100,-25.181249248559,28.436806228801,0.000000000000,-25.181855759917,28.436526194326,0.000000000000
28TR101,-25.113064344786,28.772704858212,0.000000000000,-25.113677611621,28.772435627072,0.000000000000
28TR102,-25.739873627319,28.211748213952,0.000000000000,-25.740439325601,28.211453392906,0.000000000000
28TR103,-25.583803399382,28.202524256121,0.000000000000,-25.584379268511,28.202231039189,0.000000000000
28TR104,-25.798383277120,28.171176615973,0.000000000000,-25.798944949595,28.170879903721,0.000000000000
28TR105,-25.737298824299,28.223992048059,0.000000000000,-25.737864796303,28.223697452513,0.000000000000
28TR106,-25.851174252638,28.160663737918,0.000000000000,-25.851732510965,28.160366145867,0.000000000000
28TR107,-25.729857680816,28.150942350550,0.000000000000,-25.730423577518,28.150645886555,0.000000000000
28TR108,-25.626559059072,28.170877286081,0.000000000000,-25.627132221891,28.170583387662,0.000000000000
28TR109,-25.537734613893,28.101276163649,0.000000000000,-25.538312971081,28.100980882214,0.000000000000
28TR11,-25.616845628111,28.777519346267,0.000000000000,-25.617425070167,28.777242456940,0.000000000000
28TR110,-25.863992659765,28.180081593824,0.000000000000,-25.864550129389,28.179784451872,0.000000000000
28TR111,-25.730423798635,28.121300962399,0.000000000000,-25.730989353468,28.121003643300,0.000000000000
28TR113,-25.878394810027,28.085274223373,0.000000000000,-25.878950569504,28.084974015500,0.000000000000
28TR114,-25.793470897368,28.125987684325,0.000000000000,-25.794032485545,28.125689664191,0.000000000000
28TR115,-25.859908921501,28.305691395851,0.000000000000,-25.860467439328,28.305397780339,0.000000000000
28TR116,-25.609184883207,28.162316173625,0.000000000000,-25.609758992506,28.162022052578,0.000000000000
28TR117,-25.902372617643,28.217692162442,0.000000000000,-25.902927817847,28.217395557767,0.000000000000
28TR118,-25.630367237390,28.258393226214,0.000000000000,-25.630940778232,28.258101146193,0.000000000000
28TR119,-25.660021026325,28.270348217200,0.000000000000,-25.660592218577,28.270055885892,0.000000000000
28TR12,-25.690923604119,28.168902906430,0.000000000000,-25.691492281196,28.168607545023,0.000000000000
28TR120,-25.656276029862,28.231116491294,0.000000000000,-25.656847554733,28.230823668654,0.000000000000
28TR121,-25.836018850033,28.197625119289,0.000000000000,-25.836578342325,28.197328820769,0.000000000000
28TR122,-25.744571071862,28.197651042255,0.000000000000,-25.745136378855,28.197355720420,0.000000000000
28TR123,-25.695098108554,28.272943945839,0.000000000000,-25.695667071424,28.272651350455,0.000000000000
28TR124,-25.530217863929,28.122154081287,0.000000000000,-25.530796958969,28.121859804132,0.000000000000
28TR125,-25.777184121196,28.319437247508,0.000000000000,-25.777748004672,28.319145139563,0.000000000000
28TR126,-25.610723870753,28.079804442096,0.000000000000,-25.611297068070,28.079507808841,0.000000000000
28TR127,-25.575872349393,28.145329609063,0.000000000000,-25.576448474181,28.145035291102,0.000000000000
28TR128,-25.642628245897,28.075944391263,0.000000000000,-25.643199246703,28.075647281418,0.000000000000
28TR129,-25.864180477251,28.214600032198,0.000000000000,-25.864738233978,28.214303754811,0.000000000000
28TR13,-25.694280640934,28.317546898930,0.000000000000,-25.694849963878,28.317255627104,0.000000000000
28TR130,-25.871240934207,28.052560097288,0.000000000000,-25.871796844290,28.052259073102,0.000000000000
28TR131,-25.579307797823,28.102472891135,0.000000000000,-25.579883330047,28.102177263353,0.000000000000
28TR132,-25.747347060944,28.321772108615,0.000000000000,-25.747912963492,28.321480351530,0.000000000000
28TR133,-25.744829738036,28.185563149018,0.000000000000,-25.745394904278,28.185267493290,0.000000000000
28TR134,-25.716825958788,28.278504391433,0.000000000000,-25.717393540723,28.278211702407,0.000000000000
28TR135,-25.659651142710,28.202321727704,0.000000000000,-25.660222190201,28.202027851250,0.000000000000
28TR137,-25.821886691728,28.253279035006,0.000000000000,-25.822447439176,28.252984436843,0.000000000000
28TR138,-25.838858078814,28.217353692931,0.000000000000,-25.839417528722,28.217057830233,0.000000000000
28TR139,-25.731125781601,28.187758604924,0.000000000000,-25.731691777665,28.187463156273,0.000000000000
28TR14,-25.760373630900,28.869117303326,0.000000000000,-25.760944537727,28.868841294340,0.000000000000
28TR140,-25.968018929110,28.702111269704,0.000000000000,-25.968574696867,28.701829247756,0.000000000000
28TR141,-25.824178443734,28.068565310838,0.000000000000,-25.824737444760,28.068265212677,0.000000000000
28TR142,-25.841755485225,28.095921697380,0.000000000000,-25.842313729738,28.095622272215,0.000000000000
28TR143,-25.739966163654,28.291191105510,0.000000000000,-25.740532357217,28.290898570886,0.000000000000
28TR144,-25.792715426871,28.257945664764,0.000000000000,-25.793278001283,28.257651483814,0.000000000000
28TR146,-25.807989577765,28.294814299934,0.000000000000,-25.808551517846,28.294521030796,0.000000000000
28TR147,-25.746603647411,28.181717217460,0.000000000000,-25.747168669339,28.181421441991,0.000000000000
28TR148,-25.770773189622,28.162288601702,0.000000000000,-25.771336611934,28.161992020880,0.000000000000
28TR149,-25.579744879227,28.227661721202,0.000000000000,-25.580321303821,28.227369071386,0.000000000000
28TR15,-25.627971252083,28.539982727937,0.000000000000,-25.628547409779,28.539698267061,0.000000000000
28TR150,-25.777779364366,28.105093194496,0.000000000000,-25.778341780366,28.104794585841,0.000000000000
28TR151,-25.674281596361,28.346936034788,0.000000000000,-25.674852637208,28.346645858015,0.000000000000
28TR152,-25.764457036348,28.207589241842,0.000000000000,-25.765021205439,28.207294121667,0.000000000000
28TR153,-25.692144429097,28.219342273385,0.000000000000,-25.692713480463,28.219048339008,0.000000000000
28TR154,-25.851624599607,28.257701592786,0.000000000000,-25.852183442933,28.257406762793,0.000000000000
28TR155,-25.728359993132,28.208346808315,0.000000000000,-25.728926473076,28.208051846140,0.000000000000
28TR156,-25.881459804939,28.138981750139,0.000000000000,-25.882015666028,28.138683324320,0.000000000000
28TR157,-25.549108564884,28.183508839606,0.000000000000,-25.549686950421,28.183215807834,0.000000000000
28TR158,-25.652017668326,28.095819065668,0.000000000000,-25.652588166584,28.095522198665,0.000000000000
28TR159,-25.523650693008,28.188751960118,0.000000000000,-25.524231208399,28.188459230140,0.000000000000
28TR16,-25.875633708165,28.006896632022,0.000000000000,-25.876188589069,28.006594042906,0.000000000000
28TR160,-25.776763653393,28.184797289001,0.000000000000,-25.777326845414,28.184501225775,0.000000000000
28TR161,-25.727689990269,28.325309110611,0.000000000000,-25.728257055653,28.325017748519,0.000000000000
28TR162,-25.809691212465,28.100300545018,0.000000000000,-25.810251523094,28.100001496978,0.000000000000
28TR163,-25.844936984847,28.129335875815,0.000000000000,-25.845495306214,28.129037579860,0.000000000000
28TR164,-25.824852829688,28.284460960851,0.000000000000,-25.825413551144,28.284167221706,0.000000000000
28TR165,-25.602334153515,28.270924529282,0.000000000000,-25.602909876495,28.270633005604,0.000000000000
28TR166,-25.645983882566,28.303896951174,0.000000000000,-25.646556644913,28.303606191859,0.000000000000
28TR167,-25.746716505684,28.188626110600,0.000000000000,-25.747281157361,28.188330731843,0.000000000000
28TR168,-25.756599538469,28.127199522004,0.000000000000,-25.757163494568,28.126901947168,0.000000000000
28TR169,-25.754115270620,28.259412004613,0.000000000000,-25.754680373573,28.259118329345,0.000000000000
28TR17,-25.719807457112,28.445701983579,0.000000000000,-25.720376344063,28.445413253227,0.000000000000
28TR170,-25.755392433794,28.221231496502,0.000000000000,-25.755957367883,28.220936554157,0.000000000000
28TR171,-25.783105760375,28.081548150912,0.000000000000,-25.783667580992,28.081248703039,0.000000000000
28TR172,-25.557438390038,28.202420650995,0.000000000000,-25.558016297426,28.202127744644,0.000000000000
28TR173,-25.753610906243,28.230509847217,0.000000000000,-25.754175799269,28.230215432147,0.000000000000
28TR174,-25.887046355779,28.192918831141,0.000000000000,-25.887602351390,28.192621848216,0.000000000000
28TR175,-25.725446191343,28.234441974776,0.000000000000,-25.726012960493,28.234147909456,0.000000000000
28TR176,-25.798523564850,28.243664077984,0.000000000000,-25.799085680038,28.243369367018,0.000000000000
28TR177,-25.886564692523,28.278433536152,0.000000000000,-25.887121304529,28.278138843499,0.000000000000
28TR178,-25.731887180554,28.084526495895,0.000000000000,-25.732452286435,28.084228087588,0.000000000000
28TR179,-25.674539820385,28.147846177324,0.000000000000,-25.675109229258,28.147550553697,0.000000000000
28TR18,-25.706734653657,28.905264648857,0.000000000000,-25.707309269192,28.904990702138,0.000000000000
28TR180,-25.818579654900,28.162104334726,0.000000000000,-25.819139960108,28.161807144711,0.000000000000
28TR181,-25.903475314381,28.107180007630,0.000000000000,-25.904029722348,28.106880236489,0.000000000000
28TR182,-25.904337133920,28.156284457391,0.000000000000,-25.904891678142,28.155986385269,0.000000000000
28TR183,-25.937935476110,28.144674623030,0.000000000000,-25.938487760150,28.144375684680,0.000000000000
28TR184,-25.940840688519,28.097177424437,0.000000000000,-25.941392609389,28.096876828777,0.000000000000
28TR185,-25.918156936701,28.035509642713,0.000000000000,-25.918709648304,28.035207419163,0.000000000000
28TR186,-25.964933717357,28.078208833647,0.000000000000,-25.965483748014,28.077907636687,0.000000000000
28TR187,-25.973256969588,28.171856282937,0.000000000000,-25.973807227713,28.171557658221,0.000000000000
28TR188,-25.973940304000,28.097927158646,0.000000000000,-25.974490125731,28.097626409136,0.000000000000
28TR189,-25.981508972215,28.117137315144,0.000000000000,-25.982058418634,28.116836952561,0.000000000000
28TR19,-25.992947191649,28.453861219145,0.000000000000,-25.993496932619,28.453569829877,0.000000000000
28TR190,-25.888160492236,28.069639115623,0.000000000000,-25.888715448470,28.069338362991,0.000000000000
28TR191,-25.932050086840,28.048669375305,0.000000000000,-25.932602149190,28.048367332449,0.000000000000
28TR192,-25.971554539162,28.044953324771,0.000000000000,-25.972103793912,28.044650906861,0.000000000000
28TR193,-25.968870196051,28.219323708749,0.000000000000,-25.969421032077,28.219026644625,0.000000000000
28TR194,-25.923845413230,28.209893393222,0.000000000000,-25.924399113294,28.209596468567,0.000000000000
28TR195,-25.954742322416,28.242941333571,0.000000000000,-25.955294279782,28.242645336314,0.000000000000
28TR196,-25.944240432776,28.334062579189,0.000000000000,-25.944793138653,28.333768477883,0.000000000000
28TR197,-25.926024772116,28.359430677448,0.000000000000,-25.926579122654,28.359137638867,0.000000000000
28TR198,-25.900309720211,28.330609991169,0.000000000000,-25.900865709449,28.330316626112,0.000000000000
28TR199,-25.899983046235,28.299181215955,0.000000000000,-25.900538890409,28.298887015888,0.000000000000
28TR2,-25.970501117853,28.378941699996,0.000000000000,-25.971051997643,28.378648149877,0.000000000000
28TR20,-25.771807616781,28.730724748083,0.000000000000,-25.772376136682,28.730444532852,0.000000000000
28TR200,-25.928958125824,28.291989945115,0.000000000000,-25.929512157639,28.291695415074,0.000000000000
28TR201,-25.981730108111,28.261664582087,0.000000000000,-25.982280296524,28.261368857019,0.000000000000
28TR202,-25.884661147112,28.387966115050,0.000000000000,-25.885218456361,28.387674431987,0.000000000000
28TR203,-25.868607518956,28.367453600294,0.000000000000,-25.869165903358,28.367161497583,0.000000000000
28TR204,-25.845371079697,28.324911459870,0.000000000000,-25.845930699733,28.324618517996,0.000000000000
28TR205,-25.808921445335,28.336886772964,0.000000000000,-25.809483506590,28.336594733283,0.000000000000
28TR206,-25.236064594556,28.730002566996,0.000000000000,-25.236669064144,28.729730247784,0.000000000000
28TR207,-25.293289898164,28.696161268841,0.000000000000,-25.293890823767,28.695886727326,0.000000000000
28TR208,-25.225950523302,28.625801051368,0.000000000000,-25.226555166518,28.625525654571,0.000000000000
28TR209,-25.261967208692,28.649862797735,0.000000000000,-25.262569679401,28.649587472378,0.000000000000
28TR21,-25.429355113515,28.594417452141,0.000000000000,-25.429945240334,28.594137783111,0.000000000000
28TR210,-25.212485389064,28.559570780325,0.000000000000,-25.213090577722,28.559293853943,0.000000000000
28TR211,-25.179055170492,28.725316811912,0.000000000000,-25.179663609081,28.725044866359,0.000000000000
28TR212,-25.145356987889,28.652845635414,0.000000000000,-25.145967206681,28.652572152789,0.000000000000
28TR213,-25.180861533485,28.626943449869,0.000000000000,-25.181469213128,28.626668868554,0.000000000000
28TR214,-25.182985536800,28.660562604483,0.000000000000,-25.183593336655,28.660288988220,0.000000000000
28TR215,-25.216232519573,28.691862961455,0.000000000000,-25.216838231247,28.691589718318,0.000000000000
28TR216,-25.406325758799,28.078093522837,0.000000000000,-25.406913680508,28.077799629134,0.000000000000
28TR217,-25.208923039012,28.294565702418,0.000000000000,-25.209526286161,28.294281309121,0.000000000000
28TR218,-25.913832561760,28.407795681266,0.000000000000,-25.914387757256,28.407503964166,0.000000000000
28TR219,-25.741032664890,28.048064547290,0.000000000000,-25.741596973072,28.047764590231,0.000000000000
28TR22,-25.813397130539,28.273458643125,0.000000000000,-25.813958549411,28.273164674487,0.000000000000
28TR220,-25.822258756484,28.037338177064,0.000000000000,-25.822817632694,28.037036718948,0.000000000000
28TR221,-25.827604551925,28.005381014125,0.000000000000,-25.828162468618,28.005078285684,0.000000000000
28TR222,-25.786214893128,28.022736527294,0.000000000000,-25.786775806129,28.022435030902,0.000000000000
28TR223,-25.804753470008,28.034890183177,0.000000000000,-25.805313315988,28.034588832883,0.000000000000
28TR224,-25.919645383127,28.007048157350,0.000000000000,-25.920197580431,28.006745134133,0.000000000000
28TR225,-25.664250178820,28.004838861801,0.000000000000,-25.664818894648,28.004539090482,0.000000000000
28TR226,-25.639456153967,28.027523786267,0.000000000000,-25.640026894499,28.027225302706,0.000000000000
28TR227,-25.743502168245,28.029938977972,0.000000000000,-25.744066023107,28.029638436432,0.000000000000
28TR228,-25.683008109305,28.029094680232,0.000000000000,-25.683575856346,28.028795487082,0.000000000000
28TR229,-25.683356013909,28.057016227482,0.000000000000,-25.683923925797,28.056717781114,0.000000000000
28TR23,-25.887885850230,28.758650818577,0.000000000000,-25.888447099349,28.758371467922,0.000000000000
28TR230,-25.719569193430,28.037365514990,0.000000000000,-25.720134710780,28.037065666413,0.000000000000
28TR231,-25.736589565954,28.635520239204,0.000000000000,-25.737159484429,28.635237660678,0.000000000000
28TR232,-25.654948981551,28.741679697313,0.000000000000,-25.655525669434,28.741401201784,0.000000000000
28TR233,-25.681264307853,28.709696855269,0.000000000000,-25.681838860277,28.709417045951,0.000000000000
28TR234,-25.733082896467,28.729777626444,0.000000000000,-25.733654145742,28.729497840885,0.000000000000
28TR235,-25.705750350407,28.767155989636,0.000000000000,-25.706323903783,28.766877338433,0.000000000000
28TR236,-25.812969901881,28.573757327398,0.000000000000,-25.813534203895,28.573472159974,0.000000000000
28TR237,-25.829628186982,28.635315294369,0.000000000000,-25.830191590978,28.635031667402,0.000000000000
28TR238,-25.776161707990,28.673249957345,0.000000000000,-25.776729441075,28.672967885868,0.000000000000
28TR239,-25.724595432888,28.663275885009,0.000000000000,-25.725166432582,28.662994200386,0.000000000000
28TR24,-25.474159984564,28.348630693285,0.000000000000,-25.474744608037,28.348343615578,0.000000000000
28TR240,-25.749175862237,28.702621223486,0.000000000000,-25.749745672010,28.702340454098,0.000000000000
28TR241,-25.789083498880,28.637270101334,0.000000000000,-25.789649844200,28.636986934964,0.000000000000
28TR242,-25.827010396371,28.697914521781,0.000000000000,-25.827574807744,28.697633063753,0.000000000000
28TR243,-25.813308430451,28.762248530599,0.000000000000,-25.813874530480,28.761969505084,0.000000000000
28TR244,-25.784125513584,28.714206994065,0.000000000000,-25.784692920519,28.713926390093,0.000000000000
28TR245,-25.767689015224,28.773772225067,0.000000000000,-25.768258521454,28.773493065322,0.000000000000
28TR246,-25.744364433610,28.812747461029,0.000000000000,-25.744935890189,28.812469638679,0.000000000000
28TR247,-25.666146963347,28.799354448691,0.000000000000,-25.666723045104,28.799077419572,0.000000000000
28TR248,-25.539342131593,28.036949633329,0.000000000000,-25.539919848201,28.036652858990,0.000000000000
28TR249,-25.770904331663,28.041730435855,0.000000000000,-25.771466489665,28.041429786353,0.000000000000
28TR25,-25.608755658224,28.413267665729,0.000000000000,-25.609332024732,28.412979757323,0.000000000000
28TR251,-25.858276647695,28.509246347120,0.000000000000,-25.858836919843,28.508957628252,0.000000000000
28TR252,-25.539178248428,28.729684904889,0.000000000000,-25.539762310389,28.729407694394,0.000000000000
28TR253,-25.564704615436,28.712057169736,0.000000000000,-25.565286874072,28.711779176294,0.000000000000
28TR254,-25.556474270561,28.760246520712,0.000000000000,-25.557057537697,28.759970204880,0.000000000000
28TR255,-25.591350710730,28.800906539848,0.000000000000,-25.591931970951,28.800630710998,0.000000000000
28TR256,-25.588910866779,28.850756058553,0.000000000000,-25.589492634501,28.850481869808,0.000000000000
28TR257,-25.625269342715,28.736606094612,0.000000000000,-25.625847978192,28.736327872012,0.000000000000
28TR258,-25.857950971622,28.717090649735,0.000000000000,-25.858513752245,28.716809673315,0.000000000000
28TR259,-25.823686010682,28.795969720319,0.000000000000,-25.824251855386,28.795691003682,0.000000000000
28TR26,-25.906576669811,28.895784925896,0.000000000000,-25.907138909844,28.895508519012,0.000000000000
28TR260,-25.844928175074,28.840618926610,0.000000000000,-25.845493933524,28.840341208928,0.000000000000
28TR261,-25.705251496171,28.828922185334,0.000000000000,-25.705825434142,28.828645391534,0.000000000000
28TR262,-25.732954743397,28.848044251193,0.000000000000,-25.733527167811,28.847767747636,0.000000000000
28TR263,-25.666115822742,28.883760528425,0.000000000000,-25.666692609228,28.883486113167,0.000000000000
28TR264,-25.642888931706,28.836182946959,0.000000000000,-25.643466896983,28.835907352178,0.000000000000
28TR265,-25.606073725009,28.901867736053,0.000000000000,-25.606654429520,28.901594557226,0.000000000000
28TR266,-25.632841306600,28.908134146249,0.000000000000,-25.633420307790,28.907860871576,0.000000000000
28TR267,-25.575985963956,28.986603126674,0.000000000000,-25.576569759291,28.986332958027,0.000000000000
28TR268,-25.626558801349,28.966813139289,0.000000000000,-25.627138985948,28.966541623709,0.000000000000
28TR269,-25.837743031452,28.954493850628,0.000000000000,-25.838310214978,28.954220273587,0.000000000000
28TR27,-25.495219340358,28.753350861078,0.000000000000,-25.495806641271,28.753075020145,0.000000000000
28TR270,-25.787959967324,28.924413842666,0.000000000000,-25.788529675068,28.924139885609,0.000000000000
28TR271,-25.771121020478,28.972991034063,0.000000000000,-25.771692322169,28.972718803380,0.000000000000
28TR272,-25.667810928849,28.999076995750,0.000000000000,-25.668388793066,28.998806280574,0.000000000000
28TR273,-25.736181385184,28.942186051655,0.000000000000,-25.736754584962,28.941913143397,0.000000000000
28TR274,-25.684444724513,28.976427501065,0.000000000000,-25.685021377940,28.976155988726,0.000000000000
28TR275,-25.811512606710,28.886279075134,0.000000000000,-25.812080418271,28.886002939307,0.000000000000
28TR276,-25.691520542203,28.935147896903,0.000000000000,-25.692096384936,28.934875020578,0.000000000000
28TR277,-25.764623658545,28.901258597960,0.000000000000,-25.765194501393,28.900983888393,0.000000000000
28TR278,-25.823805132836,28.925757318371,0.000000000000,-25.824372745264,28.925482813650,0.000000000000
28TR279,-25.867432510267,28.630584239417,0.000000000000,-25.867993365538,28.630300545599,0.000000000000
28TR28,-25.845012566440,28.069828997816,0.000000000000,-25.845570373935,28.069528744733,0.000000000000
28TR280,-25.880503317946,28.581307220685,0.000000000000,-25.881063084519,28.581021715488,0.000000000000
28TR281,-25.844592316326,28.578885776115,0.000000000000,-25.845154320693,28.578600430114,0.000000000000
28TR282,-25.888648027387,28.550864247655,0.000000000000,-25.889207151875,28.550577378504,0.000000000000
28TR283,-25.806306218572,28.745880046775,0.000000000000,-25.806872480549,28.745600204480,0.000000000000
28TR284,-25.803317001566,28.744786381825,0.000000000000,-25.803883381460,28.744506511087,0.000000000000
28TR285,-25.113392727861,28.467328806281,0.000000000000,-25.114003545694,28.467051011913,0.000000000000
28TR287,-25.198715336282,28.878738590719,0.000000000000,-25.199322817650,28.878471427359,0.000000000000
28TR288,-25.304133793779,28.966851815970,0.000000000000,-25.304735023754,28.966586785657,0.000000000000
28TR289,-25.254568128379,28.881589771854,0.000000000000,-25.255172028928,28.881322280051,0.000000000000
28TR29,-25.881616752358,28.981604390650,0.000000000000,-25.882181357670,28.981331629872,0.000000000000
28TR290,-25.491538870200,28.904357718436,0.000000000000,-25.492127243988,28.904086463083,0.000000000000
28TR291,-25.393288301217,28.854521783813,0.000000000000,-25.393883768729,28.854250917109,0.000000000000
28TR292,-25.990146568348,28.285429018961,0.000000000000,-25.990696102574,28.285133490253,0.000000000000
28TR293,-25.980502900980,28.305322503940,0.000000000000,-25.981053334075,28.305027249453,0.000000000000
28TR294,-25.965558282194,28.339643050355,0.000000000000,-25.966109517324,28.339348657669,0.000000000000
28TR295,-25.997419196818,28.365365838957,0.000000000000,-25.997968181164,28.365071506995,0.000000000000
28TR296,-25.996822672247,28.389637450744,0.000000000000,-25.997371744299,28.389343913638,0.000000000000
28TR297,-25.972844975977,28.423748740003,0.000000000000,-25.973396393232,28.423456475404,0.000000000000
28TR298,-25.990043203235,28.418349823994,0.000000000000,-25.990593379244,28.418056940127,0.000000000000
28TR299,-25.943353757479,28.448090027597,0.000000000000,-25.943906483519,28.447798935980,0.000000000000
28TR3,-25.522807217279,28.986809689951,0.000000000000,-25.523394438080,28.986540383517,0.000000000000
28TR30,-25.524543516685,28.155376818285,0.000000000000,-25.525123492824,28.155083362900,0.000000000000
28TR300,-25.954924304981,28.493579596578,0.000000000000,-25.955477320289,28.493289358939,0.000000000000
28TR301,-25.922437694103,28.523514023563,0.000000000000,-25.922994470066,28.523225338477,0.000000000000
28TR302,-25.971919282561,28.518142823555,0.000000000000,-25.972471766332,28.517854042993,0.000000000000
28TR303,-25.931695518072,28.545959338573,0.000000000000,-25.932251864672,28.545671163998,0.000000000000
28TR304,-25.988744735276,28.494524015227,0.000000000000,-25.989295244725,28.494235022825,0.000000000000
28TR305,-25.777776663567,28.392684552021,0.000000000000,-25.778340949773,28.392394160949,0.000000000000
28TR306,-25.748874528435,28.414477286053,0.000000000000,-25.749441085868,28.414187576688,0.000000000000
28TR307,-25.735556139426,28.383598145124,0.000000000000,-25.736123273336,28.383308061911,0.000000000000
28TR308,-25.789091454049,28.436865381009,0.000000000000,-25.789655314501,28.436575503832,0.000000000000
28TR309,-25.767478803724,28.351481412217,0.000000000000,-25.768043547676,28.351190103353,0.000000000000
28TR31,-25.681247682760,28.082720522381,0.000000000000,-25.681815970553,28.082423005813,0.000000000000
28TR310,-25.715821878270,28.358062877185,0.000000000000,-25.716389993089,28.357772212315,0.000000000000
28TR311,-25.765388467388,28.377146659164,0.000000000000,-25.765953482705,28.376855992382,0.000000000000
28TR312,-25.848949838908,28.463029318383,0.000000000000,-25.849509811847,28.462739546450,0.000000000000
28TR313,-25.810437161086,28.502509128767,0.000000000000,-25.811000294171,28.502219941359,0.000000000000
28TR314,-25.825057721227,28.405482906709,0.000000000000,-25.825618769935,28.405192017010,0.000000000000
28TR315,-25.816509266936,28.455262702861,0.000000000000,-25.817071301653,28.454972858796,0.000000000000
28TR316,-25.847692033236,28.420928805284,0.000000000000,-25.848251726919,28.420638162511,0.000000000000
28TR317,-25.880855329907,28.448851976784,0.000000000000,-25.881412959129,28.448561363526,0.000000000000
28TR318,-25.892514552719,28.510337929856,0.000000000000,-25.893072768040,28.510048791193,0.000000000000
28TR319,-25.864183473459,28.434931583001,0.000000000000,-25.864742365451,28.434640855690,0.000000000000
28TR32,-25.869983028465,28.241357697686,0.000000000000,-25.870540062526,28.241062131089,0.000000000000
28TR320,-25.789319253533,28.474858945131,0.000000000000,-25.789883447084,28.474569707165,0.000000000000
28TR321,-25.905270873382,28.438902111689,0.000000000000,-25.905826718777,28.438611112675,0.000000000000
28TR322,-25.966770180601,28.577604074383,0.000000000000,-25.967324635682,28.577317645046,0.000000000000
28TR323,-25.604530591180,28.693672225530,0.000000000000,-25.605110036087,28.693393151489,0.000000000000
28TR324,-25.876176865356,28.897805719999,0.000000000000,-25.876741002750,28.897529480484,0.000000000000
28TR325,-25.940622091758,28.760386595613,0.000000000000,-25.941180222004,28.760106106934,0.000000000000
28TR326,-25.931381845618,28.835128126527,0.000000000000,-25.931941497960,28.834850005511,0.000000000000
28TR327,-25.922705288414,28.805950864047,0.000000000000,-25.923264962752,28.805672308320,0.000000000000
28TR328,-25.909568746254,28.777542301620,0.000000000000,-25.910128897035,28.777263347088,0.000000000000
28TR329,-25.976788487186,28.786306088887,0.000000000000,-25.977344553297,28.786025762511,0.000000000000
28TR33,-25.779907319168,28.210311307320,0.000000000000,-25.780470462663,28.210015976884,0.000000000000
28TR330,-25.886918870783,28.690255440748,0.000000000000,-25.887479419905,28.689973188637,0.000000000000
28TR331,-25.941743336837,28.736838760958,0.000000000000,-25.942301804979,28.736558296477,0.000000000000
28TR332,-25.908130544908,28.709681574991,0.000000000000,-25.908689926715,28.709399806640,0.000000000000
28TR333,-25.998174027971,28.669336492562,0.000000000000,-25.998727025769,28.669052687079,0.000000000000
28TR334,-25.945790880362,28.631213151264,0.000000000000,-25.946347264742,28.630928525900,0.000000000000
28TR335,-25.919969274535,28.597492930706,0.000000000000,-25.920526715135,28.597207267829,0.000000000000
28TR336,-25.900265758492,28.634275250085,0.000000000000,-25.900824747506,28.633990837535,0.000000000000
28TR337,-25.980969202994,28.607766094673,0.000000000000,-25.981523215515,28.607480715555,0.000000000000
28TR338,-25.296633599982,28.226148981607,0.000000000000,-25.297230166697,28.225861039819,0.000000000000
28TR339,-25.427148379873,28.222980429882,0.000000000000,-25.427736073175,28.222690074406,0.000000000000
28TR34,-25.907124749194,28.264901372445,0.000000000000,-25.907679939965,28.264606135400,0.000000000000
28TR340,-25.442129750517,28.339962481239,0.000000000000,-25.442717116599,28.339676082372,0.000000000000
28TR341,-25.374865760899,28.302525637400,0.000000000000,-25.375457328101,28.302238786412,0.000000000000
28TR342,-25.313424753845,28.280694174600,0.000000000000,-25.314020651653,28.280407261916,0.000000000000
28TR343,-25.482018441442,28.212312007116,0.000000000000,-25.482602159716,28.212020672237,0.000000000000
28TR344,-25.249326067048,28.215619493101,0.000000000000,-25.249925753956,28.215332022216,0.000000000000
28TR345,-25.441102127559,28.119334604814,0.000000000000,-25.441687925382,28.119041353032,0.000000000000
28TR346,-25.967010879257,28.253651735936,0.000000000000,-25.967562300845,28.253356025155,0.000000000000
28TR348,-25.076116157630,28.076465585664,0.000000000000,-25.076727519782,28.076175628549,0.000000000000
28TR349,-25.290837304141,28.073595116040,0.000000000000,-25.291433191788,28.073302351824,0.000000000000
28TR350,-25.319793293438,28.166845691376,0.000000000000,-25.320387837615,28.166555474779,0.000000000000
28TR351,-25.910533980773,28.949642123592,0.000000000000,-25.911096930707,28.949367800076,0.000000000000
28TR352,-25.917732644913,28.998061885361,0.000000000000,-25.918295698297,28.997789530682,0.000000000000
28TR353,-25.934634195634,28.991792833492,0.000000000000,-25.935196025456,28.991519635540,0.000000000000
28TR354,-25.899337123831,28.981250167201,0.000000000000,-25.899900727098,28.980977304128,0.000000000000
28TR355,-25.933826966892,28.907083466597,0.000000000000,-25.934387330546,28.906806996595,0.000000000000
28TR356,-25.947797626548,28.966613199473,0.000000000000,-25.948358154832,28.966339645125,0.000000000000
28TR357,-25.981865047124,28.953628518259,0.000000000000,-25.982422752803,28.953353760407,0.000000000000
28TR358,-25.920322772995,28.867426562608,0.000000000000,-25.920883704394,28.867149624428,0.000000000000
28TR359,-25.971324367773,28.883558079415,0.000000000000,-25.971881768681,28.883281050501,0.000000000000
28TR36,-25.987480769054,28.915594204295,0.000000000000,-25.988037834338,28.915318026876,0.000000000000
28TR360,-25.982431719343,28.844082450595,0.000000000000,-25.982988367251,28.843804101947,0.000000000000
28TR361,-25.898026115463,28.819691962094,0.000000000000,-25.898587955293,28.819413913797,0.000000000000
28TR362,-25.864422103150,28.840726775869,0.000000000000,-25.864986759443,28.840449095333,0.000000000000
28TR363,-25.930335715082,28.970075215473,0.000000000000,-25.930897946679,28.969801814825,0.000000000000
28TR364,-25.963131594768,28.810221713047,0.000000000000,-25.963689080648,28.809941602692,0.000000000000
28TR365,-25.920939734993,28.677661855399,0.000000000000,-25.921497910149,28.677379109328,0.000000000000
28TR366,-25.873927204561,28.800559165407,0.000000000000,-25.874489938685,28.800280748824,0.000000000000
28TR367,-25.028949402132,28.357530814121,0.000000000000,-25.029565395978,28.357250641000,0.000000000000
28TR368,-25.608311328135,28.328010817492,0.000000000000,-25.608887097102,28.327720735674,0.000000000000
28TR369,-25.657547425899,28.416747658658,0.000000000000,-25.658120515127,28.416459045749,0.000000000000
28TR37,-25.928337440946,28.470144742076,0.000000000000,-25.928892284274,28.469854324101,0.000000000000
28TR370,-25.666721600384,28.370852163647,0.000000000000,-25.667293399869,28.370562633979,0.000000000000
28TR371,-25.549317548597,28.484655469268,0.000000000000,-25.549898369854,28.484370724527,0.000000000000
28TR372,-25.547635479761,28.546125440175,0.000000000000,-25.548217159171,28.545842298833,0.000000000000
28TR373,-25.661972299022,28.451645635224,0.000000000000,-25.662545367298,28.451358047335,0.000000000000
28TR374,-25.621837710093,28.644325804427,0.000000000000,-25.622415628353,28.644044982593,0.000000000000
28TR375,-25.566024609264,28.529756231456,0.000000000000,-25.566604936954,28.529472314344,0.000000000000
28TR376,-25.660742440852,28.597213213150,0.000000000000,-25.661317052400,28.596930266737,0.000000000000
28TR377,-25.550232138657,28.637650331671,0.000000000000,-25.550814742233,28.637370458325,0.000000000000
28TR378,-25.723951910613,28.530730822773,0.000000000000,-25.724521500514,28.530444461880,0.000000000000
28TR379,-25.757429186221,28.528044896071,0.000000000000,-25.757996169951,28.527757868375,0.000000000000
28TR38,-25.800869845157,28.833309188218,0.000000000000,-25.801437945501,28.833031515514,0.000000000000
28TR380,-25.709792836474,28.558258882737,0.000000000000,-25.710363354020,28.557973753222,0.000000000000
28TR381,-25.568901297780,28.579534415343,0.000000000000,-25.569482088360,28.579252009926,0.000000000000
28TR382,-25.621018204585,28.481138887359,0.000000000000,-25.621594222216,28.480852857846,0.000000000000
28TR383,-25.678012698852,28.641437538046,0.000000000000,-25.678586785803,28.641156089657,0.000000000000
28TR384,-25.505677209120,28.580571217381,0.000000000000,-25.506262008676,28.580289793841,0.000000000000
28TR385,-25.535715805426,28.345349271231,0.000000000000,-25.536296104395,28.345060831763,0.000000000000
28TR386,-25.321837389253,28.844102886677,0.000000000000,-25.322437109298,28.843833133869,0.000000000000
28TR387,-25.425880863103,28.769583176969,0.000000000000,-25.426473151272,28.769309475006,0.000000000000
28TR388,-25.496642351226,28.763728200872,0.000000000000,-25.497229782321,28.763452654223,0.000000000000
28TR389,-25.254727929744,28.800504483279,0.000000000000,-25.255331580071,28.800234061559,0.000000000000
28TR39,-25.700154828355,28.730735792993,0.000000000000,-25.700728339693,28.730456315978,0.000000000000
28TR390,-25.344999729463,28.543706504723,0.000000000000,-25.345595445133,28.543426848719,0.000000000000
28TR391,-25.400647594778,28.971938637855,0.000000000000,-25.401242279146,28.971671574467,0.000000000000
28TR392,-25.290698247446,28.512860492447,0.000000000000,-25.291297835532,28.512580856576,0.000000000000
28TR393,-25.496443812405,28.821254312552,0.000000000000,-25.497031726835,28.820981036337,0.000000000000
28TR394,-25.364075133508,28.637510619115,0.000000000000,-25.364670113172,28.637233565463,0.000000000000
28TR395,-25.340067412156,28.925144567140,0.000000000000,-25.340666505648,28.924877407131,0.000000000000
28TR396,-25.419635798903,28.738492119864,0.000000000000,-25.420228145121,28.738217322380,0.000000000000
28TR397,-25.478697264281,28.982817617978,0.000000000000,-25.479287211241,28.982548946264,0.000000000000
28TR398,-25.407990268275,28.395628821944,0.000000000000,-25.408580050842,28.395344313724,0.000000000000
28TR399,-25.622466150334,28.385881718811,0.000000000000,-25.623041433321,28.385592885671,0.000000000000
28TR4,-25.697623908498,28.364718906645,0.000000000000,-25.698193402124,28.364428782406,0.000000000000
28TR40,-25.490479370749,28.490371253874,0.000000000000,-25.491064383541,28.490087413653,0.000000000000
28TR400,-25.428717106930,28.002472633112,0.000000000000,-25.429302526043,28.002176326023,0.000000000000
28TR401,-25.696118966883,28.384293352412,0.000000000000,-25.696688710804,28.384003789212,0.000000000000
28TR402,-25.841869431709,28.095985262527,0.000000000000,-25.842427354116,28.095685941268,0.000000000000
28TR403,-25.300701850324,28.984448063302,0.000000000000,-25.301303416435,28.984183810808,0.000000000000
28TR405,-25.212411109811,28.349913883381,0.000000000000,-25.213014374727,28.349630846366,0.000000000000
28TR406,-25.851680035410,28.257633516804,0.000000000000,-25.852238874943,28.257338634571,0.000000000000
28TR407,-25.752648401769,28.231330421574,0.000000000000,-25.753213355689,28.231036035735,0.000000000000
28TR408,-25.039043136460,28.954830481654,0.000000000000,-25.039661237735,28.954567816152,0.000000000000
28TR41,-25.528671224875,28.757685336801,0.000000000000,-25.529256334479,28.757409181296,0.000000000000
28TR410,-25.040384581712,28.071954510849,0.000000000000,-25.040998727241,28.071664494211,0.000000000000
28TR411,-25.085537942062,28.129334790556,0.000000000000,-25.086148905240,28.129045426851,0.000000000000
28TR412,-25.075275575647,28.346480197762,0.000000000000,-25.075887903242,28.346198767415,0.000000000000
28TR413,-25.809630092179,28.100240282189,0.000000000000,-25.810190451860,28.099941281862,0.000000000000
28TR414,-25.056599360462,28.948044412267,0.000000000000,-25.057216163535,28.947781489534,0.000000000000
28TR415,-25.201718162385,28.001928162547,0.000000000000,-25.202319844948,28.001634595905,0.000000000000
28TR416,-25.736695340594,28.243022003236,0.000000000000,-25.737261480514,28.242728038454,0.000000000000
28TR417,-25.862071269063,28.213749772106,0.000000000000,-25.862629198506,28.213453532078,0.000000000000
28TR418,-25.777520808551,28.105644498181,0.000000000000,-25.778083241935,28.105345958012,0.000000000000
28TR419,-25.348807252652,28.022195190150,0.000000000000,-25.349398417503,28.021900420537,0.000000000000
28TR42,-25.646285998482,28.717474178969,0.000000000000,-25.646863002204,28.717195144113,0.000000000000
28TR420,-25.554257467040,28.237999197132,0.000000000000,-25.554835852236,28.237707125432,0.000000000000
28TR421,-25.556261711482,28.238279060936,0.000000000000,-25.556839882440,28.237986894273,0.000000000000
28TR422,-25.556536792912,28.238146673727,0.000000000000,-25.557115036827,28.237854501486,0.000000000000
28TR424,-25.142510106014,28.088432420078,0.000000000000,-25.143116411953,28.088142192806,0.000000000000
28TR425,-25.240920871940,28.102673606913,0.000000000000,-25.241520307825,28.102382504561,0.000000000000
28TR426,-25.294867127780,28.402548691271,0.000000000000,-25.295465245486,28.402266068090,0.000000000000
28TR427,-25.119170237947,28.259313854756,0.000000000000,-25.119779356465,28.259029203732,0.000000000000
28TR428,-25.257889444761,28.358601835853,0.000000000000,-25.258489517527,28.358318574491,0.000000000000
28TR429,-25.104294061876,28.505477243580,0.000000000000,-25.104905960603,28.505201079919,0.000000000000
28TR43,-25.854702778831,28.656214216857,0.000000000000,-25.855264779685,28.655931201144,0.000000000000
28TR430,-25.161490994354,28.158093857444,0.000000000000,-25.162096338872,28.157804941491,0.000000000000
28TR431,-25.162726102474,28.404542882434,0.000000000000,-25.163333405267,28.404261928490,0.000000000000
28TR432,-25.022467891128,28.143546259510,0.000000000000,-25.023083136161,28.143258798832,0.000000000000
28TR433,-25.135000687743,28.319624793493,0.000000000000,-25.135609113096,28.319341855082,0.000000000000
28TR434,-25.014555890305,28.432854826052,0.000000000000,-25.015173482303,28.432577217460,0.000000000000
28TR435,-25.055844213667,28.491788320053,0.000000000000,-25.056459768135,28.491512220650,0.000000000000
28TR436,-25.227024709886,28.506735089081,0.000000000000,-25.227628542604,28.506456595900,0.000000000000
28TR437,-25.154249645201,28.485046581898,0.000000000000,-25.154858182193,28.484768747902,0.000000000000
28TR438,-25.685684317159,28.116922027547,0.000000000000,-25.686252432531,28.116625591719,0.000000000000
28TR44,-25.695276193489,28.518327571770,0.000000000000,-25.695847370831,28.518041386272,0.000000000000
28TR440,-25.782821551636,28.221315465021,0.000000000000,-25.783384629436,28.221020375323,0.000000000000
28TR441,-25.770718623817,28.268828899136,0.000000000000,-25.771282635575,28.268535288979,0.000000000000
28TR442,-25.813339980420,28.273510446006,0.000000000000,-25.813901384855,28.273216479315,0.000000000000
28TR443,-25.747251762034,28.314202753887,0.000000000000,-25.747817582475,28.313910780719,0.000000000000
28TR444,-25.755027214233,28.283177349487,0.000000000000,-25.755592310969,28.282884346506,0.000000000000
28TR445,-25.743728401376,28.193916926634,0.000000000000,-25.744293644749,28.193621645565,0.000000000000
28TR447,-25.821999741250,28.253321406956,0.000000000000,-25.822560391346,28.253026760584,0.000000000000
28TR448,-25.801915122054,28.256723400361,0.000000000000,-25.802477101681,28.256429016270,0.000000000000
28TR45,-25.794252565261,28.072488718318,0.000000000000,-25.794813609602,28.072188936189,0.000000000000
28TR451,-25.725483677881,28.235082841698,0.000000000000,-25.726050490954,28.234788747041,0.000000000000
28TR452,-25.770705664552,28.268818711314,0.000000000000,-25.771269766841,28.268525000623,0.000000000000
28TR455,-25.738908486497,28.286472908626,0.000000000000,-25.739474762357,28.286180252750,0.000000000000
28TR456,-25.867053505068,28.185499257835,0.000000000000,-25.867610798508,28.185202184758,0.000000000000
28TR457,-25.851035208740,28.160688459351,0.000000000000,-25.851593339965,28.160390819557,0.000000000000
28TR458,-25.835973110916,28.198594357389,0.000000000000,-25.836532608095,28.198298090595,0.000000000000
28TR459,-25.770001373496,28.163409335647,0.000000000000,-25.770564845625,28.163112793363,0.000000000000
28TR46,-25.879785604210,28.342754295564,0.000000000000,-25.880343054826,28.342461478708,0.000000000000
28TR460,-25.787341948741,28.163031895665,0.000000000000,-25.787904173745,28.162735097373,0.000000000000
28TR461,-25.815789014320,28.227175902206,0.000000000000,-25.816349990355,28.226880618987,0.000000000000
28TR462,-25.694583145472,28.269009955104,0.000000000000,-25.695152204508,28.268717342105,0.000000000000
28TR463,-25.927346954351,28.965396688180,0.000000000000,-25.927909269150,28.965123041337,0.000000000000
28TR464,-25.295130090495,28.403328029798,0.000000000000,-25.295728103072,28.403045431689,0.000000000000
28TR465,-25.536750011827,28.101177749628,0.000000000000,-25.537328385335,28.100882577333,0.000000000000
28TR466,-25.717301640018,28.698384537548,0.000000000000,-25.717873509672,28.698104054907,0.000000000000
28TR467,-25.979133662276,28.119865608528,0.000000000000,-25.979683332013,28.119565400801,0.000000000000
28TR468,-25.770292303524,28.722819789392,0.000000000000,-25.770860873746,28.722539279846,0.000000000000
28TR469,-25.746657676988,28.193521440512,0.000000000000,-25.747222828604,28.193225938988,0.000000000000
28TR47,-25.865070007112,28.754997476963,0.000000000000,-25.865632598702,28.754717941822,0.000000000000
28TR470,-25.749929188568,28.203346200280,0.000000000000,-25.750494160141,28.203051010217,0.000000000000
28TR471,-25.754829515562,28.231419040287,0.000000000000,-25.755394335644,28.231124651671,0.000000000000
28TR472,-25.755104440897,28.166073983887,0.000000000000,-25.755668833926,28.165777567528,0.000000000000
28TR474,-25.760336263027,28.125477797908,0.000000000000,-25.760899976111,28.125180047558,0.000000000000
28TR476,-25.601540247478,28.310982322351,0.000000000000,-25.602116309939,28.310691903328,0.000000000000
28TR477,-25.057754117780,28.466008829790,0.000000000000,-25.058369231063,28.465731893352,0.000000000000
28TR478,-25.867119274281,28.185798988940,0.000000000000,-25.867676655158,28.185502024607,0.000000000000
28TR479,-25.736700691706,28.242575423933,0.000000000000,-25.737266830348,28.242281444591,0.000000000000
28TR48,-25.920009493278,28.077127582695,0.000000000000,-25.920562571264,28.076826628929,0.000000000000
28TR480,-25.744543302721,28.196216538771,0.000000000000,-25.745108500923,28.195921330470,0.000000000000
28TR481,-25.744785218032,28.196527940457,0.000000000000,-25.745350492286,28.196232741060,0.000000000000
28TR482,-25.040477743603,28.954430133728,0.000000000000,-25.041095753799,28.954167452198,0.000000000000
28TR483,-25.242767823347,28.946702256991,0.000000000000,-25.243372851073,28.946437301676,0.000000000000
28TR484,-25.427865865750,28.684431115748,0.000000000000,-25.428457054644,28.684154343887,0.000000000000
28TR485,-25.275479934198,28.878179424714,0.000000000000,-25.276082431093,28.877911577422,0.000000000000
28TR486,-25.393877703806,28.855523473571,0.000000000000,-25.394473136612,28.855252737494,0.000000000000
28TR487,-25.142983432395,28.993484153999,0.000000000000,-25.143594795736,28.993222320601,0.000000000000
28TR488,-25.186184608993,28.899906284991,0.000000000000,-25.186793004406,28.899639934899,0.000000000000
28TR489,-25.299597676834,28.951852063633,0.000000000000,-25.300199072607,28.951586655200,0.000000000000
28TR49,-25.797166444348,28.955036315410,0.000000000000,-25.797735961301,28.954763218627,0.000000000000
28TR490,-25.208274850136,28.794695507122,0.000000000000,-25.208881577596,28.794425298799,0.000000000000
28TR491,-25.401686042230,28.715044223679,0.000000000000,-25.402279189410,28.714768904891,0.000000000000
28TR492,-25.348892286129,28.793708647175,0.000000000000,-25.349490766226,28.793436598851,0.000000000000
28TR493,-25.146402516009,28.857427790400,0.000000000000,-25.147013600277,28.857160546914,0.000000000000
28TR494,-25.334009738685,28.855943556712,0.000000000000,-25.334608811741,28.855674061917,0.000000000000
28TR495,-25.191177235607,28.958547007195,0.000000000000,-25.191785243553,28.958282945295,0.000000000000
28TR496,-25.938248190315,28.145385682596,0.000000000000,-25.938800411397,28.145086717038,0.000000000000
28TR497,-25.731886325513,28.084634618934,0.000000000000,-25.732451522562,28.084336313103,0.000000000000
28TR498,-25.198716148782,28.878738589915,0.000000000000,-25.199323720372,28.878471426463,0.000000000000
28TR499,-25.765638814875,28.205970222011,0.000000000000,-25.766203006814,28.205674975572,0.000000000000
28TR5,-25.528522438493,28.098764445878,0.000000000000,-25.529101425331,28.098469295429,0.000000000000
28TR50,-25.540598690545,28.409189252826,0.000000000000,-25.541179457156,28.408902405649,0.000000000000
28TR500,-25.660022508397,28.270355776995,0.000000000000,-25.660593791579,28.270063594765,0.000000000000
28TR51,-25.765608091177,28.467037256216,0.000000000000,-25.766173878989,28.466748240790,0.000000000000
28TR52,-25.920142833297,28.226278348502,0.000000000000,-25.920696911738,28.225981897838,0.000000000000
28TR53,-25.658544244110,28.526834090596,0.000000000000,-25.659118063971,28.526548699803,0.000000000000
28TR54,-25.455769404306,28.691646457804,0.000000000000,-25.456358773993,28.691369616884,0.000000000000
28TR55,-25.853004320543,28.601196341900,0.000000000000,-25.853565935760,28.600911514083,0.000000000000
28TR56,-25.546600707673,28.276036890248,0.000000000000,-25.547179706273,28.275745357473,0.000000000000
28TR57,-25.623993334539,28.125708954620,0.000000000000,-25.624566170793,28.125413547131,0.000000000000
28TR58,-25.992446639780,28.143201145857,0.000000000000,-25.992995593226,28.142901434579,0.000000000000
28TR59,-25.807109865712,28.524850431644,0.000000000000,-25.807673810696,28.524562707337,0.000000000000
28TR6,-25.899699404767,28.838674374110,0.000000000000,-25.900261422622,28.838396693267,0.000000000000
28TR60,-25.589065698303,28.945542317303,0.000000000000,-25.589648022507,28.945270740477,0.000000000000
28TR61,-25.904981974529,28.564636367623,0.000000000000,-25.905540155475,28.564349718158,0.000000000000
28TR62,-25.945570781077,28.660783617596,0.000000000000,-25.946127292868,28.660500119754,0.000000000000
28TR63,-25.718267395129,28.698010835182,0.000000000000,-25.718839177490,28.697730298242,0.000000000000
28TR64,-25.733814995843,28.770804451810,0.000000000000,-25.734386667692,28.770525604363,0.000000000000
28TR65,-25.810808321884,28.006508650778,0.000000000000,-25.811367336226,28.006206313164,0.000000000000
28TR66,-25.439016270305,28.513466181549,0.000000000000,-25.439604959088,28.513183712282,0.000000000000
28TR67,-25.559582336002,28.861356933171,0.000000000000,-25.560166017924,28.861083177234,0.000000000000
28TR68,-25.604940204066,28.024440721750,0.000000000000,-25.605513198828,28.024142686452,0.000000000000
28TR69,-25.880485066100,28.937594702866,0.000000000000,-25.881049395422,28.937320064809,0.000000000000
28TR7,-25.629037843285,28.233812318352,0.000000000000,-25.629611370399,28.233519671384,0.000000000000
28TR70,-25.952794028505,28.280571673278,0.000000000000,-25.953346436751,28.280276659080,0.000000000000
28TR71,-25.865009651328,28.400867880222,0.000000000000,-25.865568288786,28.400576648103,0.000000000000
28TR72,-25.959094496420,28.401509059914,0.000000000000,-25.959646164599,28.401216346238,0.000000000000
28TR73,-25.685456509145,28.652736168374,0.000000000000,-25.686030132442,28.652454861363,0.000000000000
28TR74,-25.785380211962,28.592346587762,0.000000000000,-25.785946577476,28.592062123844,0.000000000000
28TR75,-25.684879209816,28.848452445663,0.000000000000,-25.685454547652,28.848176625686,0.000000000000
28TR76,-25.517467022524,28.675071026145,0.000000000000,-25.518052107463,28.674792616729,0.000000000000
28TR77,-25.876244019810,28.652528990606,0.000000000000,-25.876804677156,28.652245642281,0.000000000000
28TR78,-25.491746827952,28.441803473642,0.000000000000,-25.492331231317,28.441518182862,0.000000000000
28TR79,-25.770700623057,28.301982660800,0.000000000000,-25.771264823297,28.301690120481,0.000000000000
28TR8,-25.583354181697,28.663759799211,0.000000000000,-25.583934750814,28.663480179679,0.000000000000
28TR80,-25.728643177297,28.620947662788,0.000000000000,-25.729213456451,28.620664837731,0.000000000000
28TR81,-25.879585446750,28.796906678800,0.000000000000,-25.880147909226,28.796628238900,0.000000000000
28TR82,-25.943082629128,28.858326021119,0.000000000000,-25.943641784184,28.858048591826,0.000000000000
28TR83,-25.979443033850,28.754102668327,0.000000000000,-25.979998415623,28.753821990868,0.000000000000
28TR84,-25.965772070189,28.635081658149,0.000000000000,-25.966327090666,28.634797100562,0.000000000000
28TR85,-25.825459812726,28.129996761646,0.000000000000,-25.826019446374,28.129698558022,0.000000000000
28TR86,-25.820694067758,28.366999920459,0.000000000000,-25.821255504230,28.366708304082,0.000000000000
28TR87,-25.981582428514,28.465228517077,0.000000000000,-25.982132578162,28.464937429953,0.000000000000
28TR89,-25.970286757787,28.010402711875,0.000000000000,-25.970835761598,28.010099371465,0.000000000000
28TR9,-25.921652779233,28.165583702469,0.000000000000,-25.922206338528,28.165285647944,0.000000000000
28TR90,-25.984448434383,28.160099968787,0.000000000000,-25.984997993271,28.159800830318,0.000000000000
28TR91,-25.905056749092,28.157237649137,0.000000000000,-25.905611260373,28.156939596163,0.000000000000
28TR92,-25.970181564533,28.076152337071,0.000000000000,-25.970731323917,28.075850918596,0.000000000000
28TR93,-25.338263990502,28.781601733710,0.000000000000,-25.338863038214,28.781329395711,0.000000000000
28TR94,-25.142708594663,28.540360420118,0.000000000000,-25.143318578936,28.540084838211,0.000000000000
28TR95,-25.321153881088,28.721413532468,0.000000000000,-25.321753295377,28.721139358964,0.000000000000
28TR96,-25.267783971502,28.585330123635,0.000000000000,-25.268385386779,28.585053209343,0.000000000000
28TR97,-25.355177222263,28.463478888199,0.000000000000,-25.355771423292,28.463196855200,0.000000000000
28TR98,-25.228001834062,28.748345023924,0.000000000000,-25.228606905743,28.748073218654,0.000000000000
28TR99,-25.746679089798,28.188034879184,0.000000000000,-25.747243777833,28.187739341503,0.000000000000
